player_id,Name,Year,연봉(만원),WAR
12961,러프,2017,"110,000",4.374
12961,러프,2018,"140,000",4.767
12961,러프,2019,"170,000",4.126
11190,박해민,2013,-,0.000
11190,박해민,2014,"2,400",2.568
11190,박해민,2015,"7,000",3.075
11190,박해민,2016,"15,000",3.718
11190,박해민,2017,"23,000",3.796
11190,박해민,2018,"29,000",3.438
11190,박해민,2019,"36,000",3.918
11190,박해민,2020,"30,000",5.481
11190,박해민,2021,"38,000",4.191
11190,박해민,2022,"60,000",6.517
11190,박해민,2023,"60,000",4.802
11190,박해민,2024,"60,000",1.095
10892,구자욱,2012,"2,400",-
10892,구자욱,2013,-,-
10892,구자욱,2014,-,-
10892,구자욱,2015,"2,700",4.561
10892,구자욱,2016,"8,000",5.318
10892,구자욱,2017,"16,000",5.264
10892,구자욱,2018,"25,000",3.306
10892,구자욱,2019,"30,000",3.250
10892,구자욱,2020,"28,000",3.956
10892,구자욱,2021,"36,000",5.558
10892,구자욱,2022,"250,000",0.908
10892,구자욱,2023,"200,000",5.436
10892,구자욱,2024,"200,000",3.122
10180,이원석,2005,"2,000",0.119
10180,이원석,2006,"3,000",-0.113
10180,이원석,2007,"5,500",0.903
10180,이원석,2008,"6,800",0.307
10180,이원석,2009,"6,800",0.868
10180,이원석,2010,"10,500",1.287
10180,이원석,2011,"9,400",0.302
10180,이원석,2012,"8,400",1.124
10180,이원석,2013,"10,000",3.264
10180,이원석,2014,"15,000",-0.238
10180,이원석,2015,-,-
10180,이원석,2016,"15,000",0.303
10180,이원석,2017,"30,000",0.655
10180,이원석,2018,"30,000",2.389
10180,이원석,2019,"30,000",1.192
10180,이원석,2020,"30,000",0.136
10180,이원석,2021,"30,000",1.007
10180,이원석,2022,"30,000",1.687
10180,이원석,2023,"20,000",-0.992
10180,이원석,2024,"40,000",-0.554
10232,강민호,2004,-,-0.115
10232,강민호,2005,-,-0.145
10232,강민호,2006,-,3.257
10232,강민호,2007,-,3.222
10232,강민호,2008,-,4.854
10232,강민호,2009,-,1.515
10232,강민호,2010,-,4.013
10232,강민호,2011,-,4.138
10232,강민호,2012,-,4.410
10232,강민호,2013,-,3.553
10232,강민호,2014,"100,000",2.209
10232,강민호,2015,"100,000",7.293
10232,강민호,2016,"100,000",4.771
10232,강민호,2017,"100,000",3.892
10232,강민호,2018,"125,000",2.288
10232,강민호,2019,"125,000",2.318
10232,강민호,2020,"125,000",3.108
10232,강민호,2021,"50,000",3.906
10232,강민호,2022,"60,000",0.510
10232,강민호,2023,"60,000",2.609
10232,강민호,2024,"40,000",0.769
10640,김헌곤,2011,-,-0.217
10640,김헌곤,2012,"2,500",-0.228
10640,김헌곤,2013,"2,500",-0.049
10640,김헌곤,2014,"2,500",1.448
10640,김헌곤,2015,-,-
10640,김헌곤,2017,"5,000",0.701
10640,김헌곤,2018,"8,500",0.743
10640,김헌곤,2019,"15,500",1.675
10640,김헌곤,2020,"19,000",-0.049
10640,김헌곤,2021,"16,000",1.075
10640,김헌곤,2022,"18,000",-2.354
10640,김헌곤,2023,"12,000",-0.184
10640,김헌곤,2024,"6,000",0.471
10336,박한이,2001,-,2.148
10336,박한이,2002,"4,000",1.849
10336,박한이,2003,"6,500",5.843
10336,박한이,2004,"11,000",6.069
10336,박한이,2005,"15,000",3.013
10336,박한이,2006,"20,000",5.037
10336,박한이,2007,"27,000",3.087
10336,박한이,2008,"24,300",5.269
10336,박한이,2009,"27,000",2.939
10336,박한이,2010,"30,000",3.560
10336,박한이,2011,"30,000",2.127
10336,박한이,2012,"30,000",3.033
10336,박한이,2013,"35,000",3.731
10336,박한이,2014,"45,000",3.673
10336,박한이,2015,"45,000",1.426
10336,박한이,2016,"45,000",1.528
10336,박한이,2017,"45,000",-0.185
10336,박한이,2018,"25,000",0.458
10336,박한이,2019,"25,000",0.114
10320,김상수,2009,"2,200",0.567
10320,김상수,2010,"3,500",0.540
10320,김상수,2011,"7,000",3.833
10320,김상수,2012,"12,500",2.742
10320,김상수,2013,"17,000",3.011
10320,김상수,2014,"24,000",3.050
10320,김상수,2015,"32,000",3.091
10320,김상수,2016,"31,000",-0.043
10320,김상수,2017,"31,000",0.006
10320,김상수,2018,"24,000",-0.001
10320,김상수,2019,"25,000",2.794
10320,김상수,2020,"25,000",3.064
10320,김상수,2021,"25,000",0.283
10320,김상수,2022,"25,000",-0.132
10320,김상수,2023,"50,000",2.535
10320,김상수,2024,"30,000",0.826
10014,안치홍,2009,-,0.458
10014,안치홍,2010,-,3.738
10014,안치홍,2011,-,3.825
10014,안치홍,2012,-,3.989
10014,안치홍,2013,-,1.720
10014,안치홍,2014,"15,000",4.299
10014,안치홍,2016,"16,000",0.056
10014,안치홍,2017,"22,000",4.174
10014,안치홍,2018,"32,000",5.009
10014,안치홍,2019,"50,000",2.005
10014,안치홍,2020,"29,000",0.709
10014,안치홍,2021,"29,000",2.940
10014,안치홍,2022,"100,000",2.870
10014,안치홍,2023,"50,000",1.993
10014,안치홍,2024,"50,000",0.284
10344,최형우,2002,"2,000",0.151
10344,최형우,2003,-,-
10344,최형우,2004,"2,000",-0.046
10344,최형우,2005,-,-
10344,최형우,2006,-,-
10344,최형우,2007,-,-
10344,최형우,2008,"5,000",4.081
10344,최형우,2009,"10,000",3.018
10344,최형우,2010,"13,500",3.609
10344,최형우,2011,"18,500",7.864
10344,최형우,2012,"30,000",1.814
10344,최형우,2013,"28,000",4.094
10344,최형우,2014,"45,000",6.149
10344,최형우,2015,"60,000",4.424
10344,최형우,2016,"70,000",7.456
10344,최형우,2017,"150,000",5.824
10344,최형우,2018,"150,000",4.103
10344,최형우,2019,"150,000",4.815
10344,최형우,2020,"150,000",6.587
10344,최형우,2021,"90,000",1.507
10344,최형우,2022,"90,000",3.298
10344,최형우,2023,"90,000",3.934
10344,최형우,2024,"100,000",1.626
10119,이명기,2008,"2,000",-0.062
10119,이명기,2009,"2,200",-0.110
10119,이명기,2010,"2,500",-0.004
10119,이명기,2011,-,-
10119,이명기,2012,-,-
10119,이명기,2013,"2,500",0.886
10119,이명기,2014,"4,000",1.827
10119,이명기,2015,"10,000",1.828
10119,이명기,2016,"18,000",1.102
10119,이명기,2017,"15,000",3.585
10119,이명기,2018,"25,000",2.834
10119,이명기,2019,"22,000",3.022
10119,이명기,2020,"24,000",2.585
10119,이명기,2021,"27,000",0.759
10119,이명기,2022,"17,500",-0.379
10119,이명기,2023,"5,000",-0.294
10119,이명기,2024,"5,000",-0.104
10030,나지완,2008,-,2.222
10030,나지완,2009,"3,800",2.315
10030,나지완,2010,"10,000",-0.215
10030,나지완,2011,"9,000",2.954
10030,나지완,2012,"12,500",2.887
10030,나지완,2013,"15,000",3.281
10030,나지완,2014,"20,000",1.996
10030,나지완,2015,"25,000",-0.539
10030,나지완,2016,"20,000",4.448
10030,나지완,2017,"60,000",3.443
10030,나지완,2018,"60,000",2.654
10030,나지완,2019,"60,000",-0.307
10030,나지완,2020,"60,000",2.009
10030,나지완,2021,"40,000",-1.154
10030,나지완,2022,"15,000",-0.017
12950,버나디나,2017,"75,000",4.167
12950,버나디나,2018,"75,000",2.480
10707,김민식,2015,"2,700",-0.333
10707,김민식,2016,"3,000",1.731
10707,김민식,2017,"6,000",-0.387
10707,김민식,2018,"15,000",1.967
10707,김민식,2019,"14,000",-0.720
10707,김민식,2020,"8,800",0.908
10707,김민식,2021,"8,500",1.658
10707,김민식,2022,"9,500",1.156
10707,김민식,2023,"15,000",1.698
10707,김민식,2024,"15,000",0.560
10239,김주찬,2000,"2,000",0.364
10239,김주찬,2001,"2,300",1.237
10239,김주찬,2002,"4,100",-0.800
10239,김주찬,2003,"4,600",-1.203
10239,김주찬,2004,"4,000",1.338
10239,김주찬,2005,-,-
10239,김주찬,2006,-,-
10239,김주찬,2007,"4,000",0.151
10239,김주찬,2008,"6,600",2.095
10239,김주찬,2009,"10,500",2.371
10239,김주찬,2010,"15,000",1.069
10239,김주찬,2011,"17,000",1.980
10239,김주찬,2012,"27,000",2.441
10239,김주찬,2013,"50,000",1.599
10239,김주찬,2014,"50,000",2.792
10239,김주찬,2015,"50,000",2.576
10239,김주찬,2016,"50,000",5.544
10239,김주찬,2017,"60,000",2.407
10239,김주찬,2018,"40,000",1.854
10239,김주찬,2019,"40,000",0.316
10239,김주찬,2020,"40,000",-0.123
10239,김주찬,2021,-,-
10239,김주찬,2022,-,-
10239,김주찬,2023,-,-
10239,김주찬,2024,-,-
10008,김선빈,2008,-,0.923
10008,김선빈,2009,-,0.981
10008,김선빈,2010,-,3.329
10008,김선빈,2011,-,3.870
10008,김선빈,2012,-,4.815
10008,김선빈,2013,-,0.900
10008,김선빈,2014,"13,000",0.125
10008,김선빈,2016,"8,000",0.319
10008,김선빈,2017,"8,000",5.219
10008,김선빈,2018,"28,000",1.848
10008,김선빈,2019,"30,000",3.572
10008,김선빈,2020,"45,000",2.434
10008,김선빈,2021,"45,000",2.700
10008,김선빈,2022,"45,000",3.355
10008,김선빈,2023,"45,000",2.687
10008,김선빈,2024,"60,000",1.380
10559,이범호,2000,"2,000",-0.329
10559,이범호,2001,"2,000",-0.782
10559,이범호,2002,"2,400",2.043
10559,이범호,2003,"3,500",1.939
10559,이범호,2004,"4,500",5.248
10559,이범호,2005,"10,500",4.057
10559,이범호,2006,"16,000",4.309
10559,이범호,2007,"23,000",3.820
10559,이범호,2008,"21,000",4.765
10559,이범호,2009,"33,000",3.244
10559,이범호,2011,"40,000",5.677
10559,이범호,2012,"49,500",1.655
10559,이범호,2013,"43,500",2.286
10559,이범호,2014,"45,000",1.354
10559,이범호,2015,"40,000",2.180
10559,이범호,2016,"65,000",4.039
10559,이범호,2017,"65,000",0.923
10559,이범호,2018,"65,000",1.563
10559,이범호,2019,"65,000",0.019
10559,이범호,2021,-,-
10559,이범호,2022,-,-
10559,이범호,2023,-,-
10559,이범호,2024,-,-
12534,최원준,2016,"2,700",0.201
12534,최원준,2017,"3,100",0.556
12534,최원준,2018,"7,500",0.184
12534,최원준,2019,"10,000",-1.447
12534,최원준,2020,"7,000",1.079
12534,최원준,2021,"13,000",3.604
12534,최원준,2023,"22,000",0.818
12534,최원준,2024,"22,000",0.865
10261,손아섭,2007,"2,000",-0.025
10261,손아섭,2008,"2,100",1.663
10261,손아섭,2009,"4,000",-0.462
10261,손아섭,2010,"4,000",3.551
10261,손아섭,2011,"8,000",4.231
10261,손아섭,2012,"13,000",3.434
10261,손아섭,2013,"21,000",4.431
10261,손아섭,2014,"40,000",6.091
10261,손아섭,2015,"50,000",4.178
10261,손아섭,2016,"60,000",5.516
10261,손아섭,2017,"65,000",6.252
10261,손아섭,2018,"150,000",6.329
10261,손아섭,2019,"150,000",3.449
10261,손아섭,2020,"200,000",5.491
10261,손아섭,2021,"50,000",2.733
10261,손아섭,2022,"150,000",3.079
10261,손아섭,2023,"50,000",4.618
10261,손아섭,2024,"50,000",1.103
10266,전준우,2008,"2,000",-0.274
10266,전준우,2009,"2,200",-0.041
10266,전준우,2010,"2,800",1.609
10266,전준우,2011,"7,500",2.944
10266,전준우,2012,"13,000",0.778
10266,전준우,2013,"15,000",2.192
10266,전준우,2014,"16,000",1.705
10266,전준우,2015,-,-
10266,전준우,2016,"20,500",-0.515
10266,전준우,2017,"20,500",3.439
10266,전준우,2018,"27,000",5.480
10266,전준우,2019,"50,000",2.869
10266,전준우,2020,"50,000",3.268
10266,전준우,2021,"50,000",3.838
10266,전준우,2022,"50,000",1.554
10266,전준우,2023,"50,000",3.791
10266,전준우,2024,"130,000",0.993
10251,이대호,2001,"2,000",0.170
10251,이대호,2002,"2,000",1.164
10251,이대호,2003,"3,200",-0.308
10251,이대호,2004,"3,700",-0.061
10251,이대호,2005,"7,000",2.818
10251,이대호,2006,"13,000",6.177
10251,이대호,2007,"32,000",6.274
10251,이대호,2008,"36,000",4.549
10251,이대호,2009,"36,000",3.784
10251,이대호,2010,"39,000",7.100
10251,이대호,2011,"63,000",5.137
10251,이대호,2012,-,-
10251,이대호,2013,-,-
10251,이대호,2014,-,-
10251,이대호,2015,-,-
10251,이대호,2016,-,-
10251,이대호,2017,"250,000",2.961
10251,이대호,2018,"250,000",4.268
10251,이대호,2019,"250,000",1.574
10251,이대호,2020,"250,000",1.895
10251,이대호,2021,"80,000",0.877
10251,이대호,2022,"80,000",3.678
10188,민병헌,2006,-,-0.280
10188,민병헌,2007,-,0.530
10188,민병헌,2008,-,-0.734
10188,민병헌,2009,-,-0.276
10188,민병헌,2010,-,0.321
10188,민병헌,2012,-,-0.195
10188,민병헌,2013,-,4.645
10188,민병헌,2014,"14,500",3.695
10188,민병헌,2015,"28,000",2.910
10188,민병헌,2016,"35,000",3.276
10188,민병헌,2017,"55,000",1.695
10188,민병헌,2018,"100,000",4.164
10188,민병헌,2019,"125,000",2.522
10188,민병헌,2020,"125,000",-1.353
10188,민병헌,2021,"50,000",-0.690
10188,민병헌,2022,-,-
12956,번즈,2017,"60,000",4.183
12956,번즈,2018,"73,000",2.789
10840,신본기,2012,"2,400",-0.682
10840,신본기,2013,"3,000",1.364
10840,신본기,2014,"5,000",0.367
10840,신본기,2015,-,-
10840,신본기,2016,"5,500",0.760
10840,신본기,2017,"5,500",0.897
10840,신본기,2018,"9,000",1.435
10840,신본기,2019,"16,000",0.899
10840,신본기,2020,"12,500",0.126
10840,신본기,2021,"9,200",0.605
10840,신본기,2022,"11,500",-0.310
10840,신본기,2023,"13,000",0.150
10840,신본기,2024,"13,000",0.972
10240,문규현,2002,"1,700",-0.023
10240,문규현,2003,"1,900",-0.021
10240,문규현,2004,"2,000",-0.135
10240,문규현,2005,-,-
10240,문규현,2006,-,-
10240,문규현,2007,"2,000",-0.390
10240,문규현,2008,"2,200",-
10240,문규현,2009,"2,000",-0.241
10240,문규현,2010,"2,600",0.181
10240,문규현,2011,"4,200",0.514
10240,문규현,2012,"8,400",-0.438
10240,문규현,2013,"9,000",-0.352
10240,문규현,2014,"6,800",1.559
10240,문규현,2015,"8,500",-0.013
10240,문규현,2016,"9,000",2.112
10240,문규현,2017,"12,000",0.346
10240,문규현,2018,"18,000",0.517
10240,문규현,2019,"18,000",0.097
10240,문규현,2020,-,-
10240,문규현,2021,-,-
10240,문규현,2022,-,-
10240,문규현,2023,-,-
10240,문규현,2024,-,-
10331,채태인,2007,-,0.046
10331,채태인,2008,"5,500",1.061
10331,채태인,2009,"7,000",3.369
10331,채태인,2010,"11,500",1.336
10331,채태인,2011,"13,000",0.825
10331,채태인,2012,"11,000",-0.012
10331,채태인,2013,"5,000",4.176
10331,채태인,2014,"21,000",2.305
10331,채태인,2015,"33,000",2.075
10331,채태인,2016,"30,000",0.468
10331,채태인,2017,"30,000",1.611
10331,채태인,2018,"20,000",0.142
10331,채태인,2019,"20,000",0.052
10331,채태인,2020,"10,000",0.652
10187,김현수,2006,"2,000",-0.023
10187,김현수,2007,"2,000",0.856
10187,김현수,2008,"4,200",7.196
10187,김현수,2009,"12,600",7.367
10187,김현수,2010,"25,200",5.306
10187,김현수,2011,"27,000",3.894
10187,김현수,2012,"30,000",3.191
10187,김현수,2013,"31,000",4.229
10187,김현수,2014,"45,000",3.691
10187,김현수,2015,"75,000",6.241
10187,김현수,2018,"140,000",5.174
10187,김현수,2019,"130,000",3.104
10187,김현수,2020,"130,000",4.974
10187,김현수,2021,"100,000",3.911
10187,김현수,2022,"150,000",4.810
10187,김현수,2023,"100,000",2.186
10187,김현수,2024,"100,000",0.524
10475,오지환,2009,"2,000",-0.083
10475,오지환,2010,"2,400",2.355
10475,오지환,2011,"10,200",0.418
10475,오지환,2012,"4,800",2.939
10475,오지환,2013,"10,200",5.740
10475,오지환,2014,"15,000",3.516
10475,오지환,2015,"16,000",6.340
10475,오지환,2016,"25,000",5.579
10475,오지환,2017,"35,000",1.958
10475,오지환,2018,"29,000",4.972
10475,오지환,2019,"40,000",7.731
10475,오지환,2020,"60,000",7.409
10475,오지환,2021,"60,000",4.453
10475,오지환,2022,"60,000",6.988
10475,오지환,2023,"60,000",5.142
10475,오지환,2024,"30,000",1.328
10753,유강남,2011,"2,400",-0.062
10753,유강남,2012,"2,400",-0.261
10753,유강남,2013,-,-
10753,유강남,2014,"2,700",-
10753,유강남,2015,"2,700",-1.992
10753,유강남,2016,"8,100",1.990
10753,유강남,2017,"10,000",3.283
10753,유강남,2018,"18,500",4.150
10753,유강남,2019,"21,000",3.684
10753,유강남,2020,"23,000",1.372
10753,유강남,2021,"30,000",2.427
10753,유강남,2022,"27,000",3.068
10753,유강남,2023,"60,000",4.092
10753,유강남,2024,"100,000",0.011
12516,이형종,2008,"2,000",-
12516,이형종,2009,-,-
12516,이형종,2010,"2,400",-
12516,이형종,2011,-,-
12516,이형종,2012,-,-
12516,이형종,2013,-,-
12516,이형종,2014,-,-
12516,이형종,2015,-,-
12516,이형종,2016,"2,700",0.730
12516,이형종,2017,"6,000",1.747
12516,이형종,2018,"10,500",3.091
12516,이형종,2019,"17,000",4.111
12516,이형종,2020,"20,000",2.979
12516,이형종,2021,"18,000",0.621
12516,이형종,2022,"12,000",0.338
12516,이형종,2023,"12,000",-0.207
12516,이형종,2024,"68,000",0.961
11215,채은성,2014,"2,400",0.086
11215,채은성,2015,"5,000",0.391
11215,채은성,2016,"5,500",2.017
11215,채은성,2017,"16,000",0.251
11215,채은성,2018,"11,000",2.672
11215,채은성,2019,"31,000",3.679
11215,채은성,2020,"32,000",1.987
11215,채은성,2021,"30,000",2.713
11215,채은성,2022,"28,000",2.060
11215,채은성,2023,"180,000",2.362
11215,채은성,2024,"100,000",-0.203
10485,박용택,2002,-,2.413
10485,박용택,2003,"5,000",1.581
10485,박용택,2004,"7,000",3.183
10485,박용택,2005,"9,000",2.912
10485,박용택,2006,"15,000",5.298
10485,박용택,2007,"16,000",2.893
10485,박용택,2008,"18,000",1.130
10485,박용택,2009,"15,000",5.502
10485,박용택,2010,"31,000",2.547
10485,박용택,2011,"35,000",2.879
10485,박용택,2012,"35,000",4.823
10485,박용택,2013,"35,000",2.134
10485,박용택,2014,"35,000",4.291
10485,박용택,2015,"80,000",1.474
10485,박용택,2016,"80,000",3.470
10485,박용택,2017,"80,000",4.491
10485,박용택,2018,"80,000",1.709
10485,박용택,2019,"80,000",0.658
10485,박용택,2020,"80,000",0.672
10485,박용택,2022,-,0.000
10935,이천웅,2011,-,-
10935,이천웅,2012,"2,400",0.173
10935,이천웅,2013,"2,600",-0.088
10935,이천웅,2016,"2,800",1.318
10935,이천웅,2017,"9,300",0.870
10935,이천웅,2018,"8,000",1.597
10935,이천웅,2019,"15,000",1.615
10935,이천웅,2020,"28,000",0.082
10935,이천웅,2021,"19,000",-0.452
10935,이천웅,2022,"10,000",-0.057
10935,이천웅,2023,"8,000",0.140
11213,양석환,2015,"2,700",-0.673
11213,양석환,2016,"7,000",1.566
11213,양석환,2017,"9,000",2.436
11213,양석환,2018,"16,000",1.471
11213,양석환,2020,"21,000",0.327
11213,양석환,2021,"21,000",2.382
11213,양석환,2022,"39,000",1.157
11213,양석환,2023,"40,000",3.329
11213,양석환,2024,"30,000",0.605
10480,정주현,2009,-,-0.127
10480,정주현,2010,"2,400",-0.080
10480,정주현,2011,"2,600",-0.113
10480,정주현,2012,"2,800",-0.100
10480,정주현,2013,"3,200",0.124
10480,정주현,2016,"5,000",-0.322
10480,정주현,2017,"6,000",-0.386
10480,정주현,2018,"5,000",1.379
10480,정주현,2019,"8,000",1.180
10480,정주현,2020,"12,500",0.599
10480,정주현,2021,"14,000",0.646
10480,정주현,2022,"8,000",-
10480,정주현,2023,"6,500",-0.813
10480,정주현,2024,-,-
10165,양의지,2006,-,-
10165,양의지,2007,"2,000",-0.020
10165,양의지,2008,-,-
10165,양의지,2009,-,-
10165,양의지,2010,"2,400",3.032
10165,양의지,2011,"7,200",3.335
10165,양의지,2012,"12,500",2.705
10165,양의지,2013,"15,500",2.454
10165,양의지,2014,"20,000",2.685
10165,양의지,2015,"20,000",6.398
10165,양의지,2016,"42,000",6.480
10165,양의지,2017,"48,000",4.475
10165,양의지,2018,"60,000",7.928
10165,양의지,2019,"200,000",6.207
10165,양의지,2020,"200,000",6.632
10165,양의지,2021,"150,000",5.506
10165,양의지,2022,"100,000",5.314
10165,양의지,2023,"30,000",6.105
10165,양의지,2024,"50,000",2.320
10182,최주환,2006,-,-0.073
10182,최주환,2007,-,-0.066
10182,최주환,2008,-,0.169
10182,최주환,2009,-,-0.240
10182,최주환,2012,-,1.805
10182,최주환,2013,-,0.592
10182,최주환,2014,"5,800",0.688
10182,최주환,2015,"8,700",1.561
10182,최주환,2016,"11,000",-0.153
10182,최주환,2017,"10,000",1.755
10182,최주환,2018,"20,000",7.069
10182,최주환,2019,"38,500",0.790
10182,최주환,2020,"27,000",5.297
10182,최주환,2021,"65,000",2.522
10182,최주환,2022,"65,000",-0.388
10182,최주환,2023,"65,000",1.039
10182,최주환,2024,"65,000",-1.105
10643,김재환,2008,-,-0.353
10643,김재환,2011,-,-0.432
10643,김재환,2012,-,-0.066
10643,김재환,2014,"2,700",0.638
10643,김재환,2015,"4,000",0.619
10643,김재환,2016,"5,000",6.292
10643,김재환,2017,"20,000",7.713
10643,김재환,2018,"47,000",6.837
10643,김재환,2019,"73,000",3.494
10643,김재환,2020,"65,000",3.580
10643,김재환,2021,"76,000",4.772
10643,김재환,2022,"150,000",2.751
10643,김재환,2023,"150,000",0.484
10643,김재환,2024,"150,000",1.086
10400,오재일,2005,-,-0.028
10400,오재일,2006,-,-
10400,오재일,2007,-,-
10400,오재일,2008,-,-
10400,오재일,2009,-,-0.338
10400,오재일,2010,-,-1.128
10400,오재일,2011,-,0.209
10400,오재일,2012,-,-0.406
10400,오재일,2013,-,1.314
10400,오재일,2014,"7,300",0.430
10400,오재일,2015,"7,300",1.179
10400,오재일,2016,"9,500",5.279
10400,오재일,2017,"19,800",4.703
10400,오재일,2018,"30,000",4.737
10400,오재일,2019,"30,000",5.144
10400,오재일,2020,"47,000",2.747
10400,오재일,2021,"60,000",2.885
10400,오재일,2022,"60,000",2.422
10400,오재일,2023,"50,000",0.994
10400,오재일,2024,"50,000",-0.853
10178,오재원,2007,-,0.183
10178,오재원,2008,"2,500",-0.267
10178,오재원,2009,"4,400",-1.309
10178,오재원,2010,"5,200",1.508
10178,오재원,2011,"8,500",3.750
10178,오재원,2012,"14,500",1.444
10178,오재원,2013,"12,500",2.416
10178,오재원,2014,"17,000",2.590
10178,오재원,2015,"40,000",3.030
10178,오재원,2016,"55,000",1.386
10178,오재원,2017,"55,000",0.271
10178,오재원,2018,"55,000",4.509
10178,오재원,2019,"55,000",-0.907
10178,오재원,2020,"30,000",-0.135
10178,오재원,2021,"30,000",-0.282
10178,오재원,2022,"30,000",-0.480
10174,김재호,2004,-,-0.218
10174,김재호,2005,"2,300",0.113
10174,김재호,2008,"2,600",0.810
10174,김재호,2009,"4,400",0.284
10174,김재호,2010,"5,400",0.220
10174,김재호,2011,"5,200",-0.563
10174,김재호,2012,"5,700",0.097
10174,김재호,2013,"7,000",3.472
10174,김재호,2014,"11,700",0.973
10174,김재호,2015,"16,700",3.785
10174,김재호,2016,"41,000",5.509
10174,김재호,2017,"65,000",3.659
10174,김재호,2018,"65,000",4.258
10174,김재호,2019,"65,000",4.535
10174,김재호,2020,"65,000",2.138
10174,김재호,2021,"60,000",0.525
10174,김재호,2022,"50,000",0.573
10174,김재호,2023,"50,000",3.295
10174,김재호,2024,"30,000",-0.460
10184,허경민,2009,"2,000",-
10184,허경민,2010,-,-
10184,허경민,2011,-,-
10184,허경민,2012,"2,500",-0.085
10184,허경민,2013,"4,100",1.601
10184,허경민,2014,"8,000",1.117
10184,허경민,2015,"9,800",2.146
10184,허경민,2016,"20,000",0.394
10184,허경민,2017,"30,000",0.264
10184,허경민,2018,"26,500",4.227
10184,허경민,2019,"38,500",3.027
10184,허경민,2020,"48,000",4.209
10184,허경민,2021,"100,000",-1.194
10184,허경민,2022,"120,000",2.080
10184,허경민,2023,"120,000",2.354
10184,허경민,2024,"60,000",2.950
10189,박건우,2009,-,-0.042
10189,박건우,2010,-,-
10189,박건우,2011,-,-
10189,박건우,2012,-,-
10189,박건우,2013,"2,500",0.250
10189,박건우,2014,"3,100",-0.594
10189,박건우,2015,"3,500",2.409
10189,박건우,2016,"7,000",4.965
10189,박건우,2017,"19,500",6.064
10189,박건우,2018,"37,000",3.251
10189,박건우,2019,"38,500",5.131
10189,박건우,2020,"45,000",4.210
10189,박건우,2021,"48,000",4.949
10189,박건우,2022,"190,000",3.953
10189,박건우,2023,"90,000",3.923
10189,박건우,2024,"80,000",2.373
13069,호잉,2018,"40,000",5.688
13069,호잉,2019,"80,000",5.108
13069,호잉,2020,"55,000",-0.201
13069,호잉,2021,"30,000",1.435
10168,이성열,2004,-,-0.027
10168,이성열,2005,-,1.789
10168,이성열,2006,-,0.118
10168,이성열,2007,-,0.090
10168,이성열,2008,-,-0.509
10168,이성열,2009,-,0.208
10168,이성열,2010,-,2.422
10168,이성열,2011,-,0.449
10168,이성열,2012,-,0.124
10168,이성열,2013,-,1.276
10168,이성열,2014,"11,000",0.959
10168,이성열,2015,"25,000",0.314
10168,이성열,2016,"25,000",1.672
10168,이성열,2017,"23,000",2.846
10168,이성열,2018,"25,000",2.685
10168,이성열,2019,"32,000",1.305
10168,이성열,2020,"50,000",-1.108
10168,이성열,2021,"40,000",-0.066
10168,이성열,2024,-,-
10555,송광민,2006,"2,000",0.110
10555,송광민,2007,"2,400",-0.222
10555,송광민,2008,"2,900",0.810
10555,송광민,2009,"4,000",0.284
10555,송광민,2010,"6,000",0.770
10555,송광민,2013,"6,000",1.819
10555,송광민,2014,"7,000",1.337
10555,송광민,2015,"11,000",0.017
10555,송광민,2016,"10,000",3.314
10555,송광민,2017,"20,000",4.447
10555,송광민,2018,"24,000",2.183
10555,송광민,2019,"25,000",0.666
10555,송광민,2020,"25,000",-0.685
10035,이용규,2004,-,-0.926
10035,이용규,2005,"2,000",1.845
10035,이용규,2006,"5,500",5.759
10035,이용규,2007,"11,000",3.143
10035,이용규,2008,"9,000",5.245
10035,이용규,2009,"15,000",1.068
10035,이용규,2010,"16,000",4.078
10035,이용규,2011,"20,000",6.271
10035,이용규,2012,"30,000",4.182
10035,이용규,2013,"34,000",2.514
10035,이용규,2014,"70,000",0.162
10035,이용규,2015,"70,000",4.941
10035,이용규,2016,"70,000",5.603
10035,이용규,2017,"90,000",0.362
10035,이용규,2018,"40,000",2.153
10035,이용규,2019,"40,000",-
10035,이용규,2020,"40,000",0.721
10035,이용규,2021,"10,000",3.978
10035,이용규,2022,"40,000",0.185
10035,이용규,2023,"30,000",-0.427
10035,이용규,2024,"20,000",1.175
10170,최재훈,2008,-,0.000
10170,최재훈,2012,"2,500",0.133
10170,최재훈,2013,"3,500",0.750
10170,최재훈,2014,"5,000",1.017
10170,최재훈,2015,"5,800",-0.900
10170,최재훈,2016,"6,800",-0.181
10170,최재훈,2017,"5,800",1.628
10170,최재훈,2018,"8,000",1.905
10170,최재훈,2019,"12,500",4.965
10170,최재훈,2020,"20,000",3.524
10170,최재훈,2021,"26,000",4.844
10170,최재훈,2022,"100,000",3.249
10170,최재훈,2023,"80,000",3.904
10170,최재훈,2024,"60,000",1.634
10103,정근우,2005,-,-0.717
10103,정근우,2006,"2,400",4.678
10103,정근우,2007,"6,000",5.185
10103,정근우,2008,"11,000",3.905
10103,정근우,2009,"17,000",6.992
10103,정근우,2010,"24,000",4.043
10103,정근우,2011,"31,000",3.427
10103,정근우,2012,"31,000",3.273
10103,정근우,2013,"55,000",4.788
10103,정근우,2014,"70,000",5.236
10103,정근우,2015,"70,000",4.801
10103,정근우,2016,"70,000",4.413
10103,정근우,2017,"70,000",3.537
10103,정근우,2018,"70,000",1.004
10103,정근우,2019,"70,000",-0.097
10103,정근우,2020,"35,000",-0.806
10913,하주석,2012,-,-0.431
10913,하주석,2013,-,-0.284
10913,하주석,2015,"3,200",0.075
10913,하주석,2016,"3,200",1.011
10913,하주석,2017,"9,000",2.783
10913,하주석,2018,"12,000",0.961
10913,하주석,2019,"18,000",0.149
10913,하주석,2020,"14,000",0.433
10913,하주석,2021,"13,500",3.174
10913,하주석,2022,"20,090",0.965
10913,하주석,2023,"10,000",-0.579
10913,하주석,2024,"7,000",-0.266
12991,로맥,2017,"30,000",1.892
12991,로맥,2018,"50,000",5.937
12991,로맥,2019,"105,000",3.345
12991,로맥,2020,"90,000",5.009
12991,로맥,2021,"90,000",1.462
12991,로맥,2022,-,-
10815,한동민,2012,"2,400",0.006
10815,한동민,2013,-,0.513
10815,한동민,2014,"6,500",0.303
10815,한동민,2015,-,-
10815,한동민,2016,"7,000",0.066
10815,한동민,2017,"7,000",3.527
10815,한동민,2018,"15,000",4.174
10815,한동민,2019,"33,000",1.760
10815,한동민,2020,"25,000",0.719
10815,한동민,2021,"18,000",3.877
10815,한동민,2022,"240,000",4.463
10815,한동민,2023,"50,000",0.350
10815,한동민,2024,"90,000",0.097
10106,최정,2005,"2,000",-0.031
10106,최정,2006,"2,400",-0.349
10106,최정,2007,"3,400",2.921
10106,최정,2008,"9,000",4.442
10106,최정,2009,"15,000",2.460
10106,최정,2010,"16,000",5.060
10106,최정,2011,"22,000",5.621
10106,최정,2012,"28,000",6.233
10106,최정,2013,"52,000",5.846
10106,최정,2014,"70,000",2.929
10106,최정,2015,"100,000",4.010
10106,최정,2016,"100,000",6.626
10106,최정,2017,"120,000",7.101
10106,최정,2018,"120,000",3.733
10106,최정,2019,"120,000",6.143
10106,최정,2020,"120,000",5.332
10106,최정,2021,"120,000",7.045
10106,최정,2022,"120,000",5.711
10106,최정,2023,"100,000",4.851
10106,최정,2024,"100,000",2.390
11268,노수광,2014,"2,400",-0.021
11268,노수광,2015,"2,700",-0.240
11268,노수광,2016,"3,000",1.591
11268,노수광,2017,"6,800",1.804
11268,노수광,2018,"13,000",3.004
11268,노수광,2019,"26,500",2.007
11268,노수광,2020,"21,000",0.668
11268,노수광,2021,"17,300",0.173
11268,노수광,2022,"12,840",1.684
11268,노수광,2023,"10,900",-0.124
10082,이재원,2006,-,0.210
10082,이재원,2007,"2,200",1.484
10082,이재원,2008,"4,000",1.874
10082,이재원,2009,"5,500",0.453
10082,이재원,2010,"5,000",-0.082
10082,이재원,2012,"5,000",0.528
10082,이재원,2013,"5,400",0.110
10082,이재원,2014,"7,500",3.176
10082,이재원,2015,"28,000",2.426
10082,이재원,2016,"28,000",2.073
10082,이재원,2017,"35,000",-0.414
10082,이재원,2018,"35,000",1.563
10082,이재원,2019,"35,000",0.740
10082,이재원,2020,"130,000",0.108
10082,이재원,2021,"130,000",1.378
10082,이재원,2022,"100,000",0.225
10082,이재원,2023,"10,000",-0.807
10082,이재원,2024,"5,000",0.142
10092,나주환,2003,-,-0.892
10092,나주환,2004,"2,600",0.610
10092,나주환,2005,"3,300",0.215
10092,나주환,2006,"5,300",0.082
10092,나주환,2007,"5,300",0.882
10092,나주환,2008,"8,700",-0.236
10092,나주환,2009,"12,000",2.772
10092,나주환,2010,"17,000",2.266
10092,나주환,2013,"17,000",-0.651
10092,나주환,2014,"20,000",0.462
10092,나주환,2015,"20,000",-0.018
10092,나주환,2016,"20,000",0.513
10092,나주환,2017,"15,000",1.398
10092,나주환,2018,"30,000",1.256
10092,나주환,2019,"32,000",0.924
10092,나주환,2020,"12,000",0.282
10092,나주환,2021,"10,000",-0.258
10092,나주환,2022,-,-
12548,김동엽,2016,"2,700",0.488
12548,김동엽,2017,"4,700",1.452
12548,김동엽,2018,"11,500",0.841
12548,김동엽,2019,"18,500",-0.386
12548,김동엽,2020,"13,500",1.849
12548,김동엽,2021,"21,000",-0.416
12548,김동엽,2022,"15,000",-0.421
12548,김동엽,2023,"9,000",0.035
12548,김동엽,2024,"8,000",-0.013
10636,김성현,2006,-,0.069
10636,김성현,2007,"2,000",0.000
10636,김성현,2008,"2,000",-0.038
10636,김성현,2009,-,-
10636,김성현,2010,-,-
10636,김성현,2011,"2,400",-0.192
10636,김성현,2012,"2,400",1.232
10636,김성현,2013,"5,000",0.292
10636,김성현,2014,"7,000",1.971
10636,김성현,2015,"18,000",0.560
10636,김성현,2016,"18,000",2.245
10636,김성현,2017,"28,000",2.185
10636,김성현,2018,"25,000",0.293
10636,김성현,2019,"25,000",-0.003
10636,김성현,2020,"21,000",1.854
10636,김성현,2021,"25,000",2.007
10636,김성현,2022,"20,000",0.386
10636,김성현,2023,"15,000",1.551
10636,김성현,2024,"20,000",-0.111
10470,박병호,2005,"2,000",-0.046
10470,박병호,2006,"2,800",-1.059
10470,박병호,2007,-,-
10470,박병호,2008,-,-
10470,박병호,2009,"3,000",-0.219
10470,박병호,2010,"3,500",-0.630
10470,박병호,2011,"3,500",1.446
10470,박병호,2012,"6,200",6.529
10470,박병호,2013,"22,000",6.778
10470,박병호,2014,"50,000",6.350
10470,박병호,2015,"70,000",8.529
10470,박병호,2018,"150,000",7.384
10470,박병호,2019,"150,000",7.799
10470,박병호,2020,"200,000",2.424
10470,박병호,2021,"150,000",1.020
10470,박병호,2022,"60,000",5.186
10470,박병호,2023,"70,000",4.154
10470,박병호,2024,"70,000",0.016
11224,김하성,2014,"2,400",0.141
11224,김하성,2015,"4,000",5.409
11224,김하성,2016,"16,000",4.035
11224,김하성,2017,"22,000",7.121
11224,김하성,2018,"32,000",5.125
11224,김하성,2019,"32,000",7.079
11224,김하성,2020,"55,000",8.104
11224,김하성,2023,-,-
12906,이정후,2017,"2,700",3.108
12906,이정후,2018,"11,000",4.544
12906,이정후,2019,"23,000",4.530
12906,이정후,2020,"39,000",7.244
12906,이정후,2021,"55,000",6.751
12906,이정후,2022,"75,000",8.890
12906,이정후,2023,"110,000",5.183
10238,김민성,2007,"2,000",-0.029
10238,김민성,2008,"2,100",-0.242
10238,김민성,2009,"2,300",1.004
10238,김민성,2010,"2,300",-0.456
10238,김민성,2011,"5,500",1.374
10238,김민성,2012,"7,500",1.743
10238,김민성,2013,"8,500",2.250
10238,김민성,2014,"18,000",3.811
10238,김민성,2015,"20,000",2.665
10238,김민성,2016,"22,000",4.021
10238,김민성,2017,"37,000",3.738
10238,김민성,2018,"35,000",2.410
10238,김민성,2019,"40,000",1.837
10238,김민성,2020,"40,000",0.541
10238,김민성,2021,"40,000",2.711
10238,김민성,2022,"18,000",-0.444
10238,김민성,2023,"18,000",1.923
10238,김민성,2024,"20,000",0.168
12905,김혜성,2017,"2,700",-0.293
12905,김혜성,2018,"2,900",1.719
12905,김혜성,2019,"7,000",3.055
12905,김혜성,2020,"10,000",3.408
12905,김혜성,2021,"17,000",3.835
12905,김혜성,2022,"32,000",7.109
12905,김혜성,2023,"42,000",6.976
12905,김혜성,2024,"65,000",4.773
13007,초이스,2017,"20,000",2.160
13007,초이스,2018,"60,000",1.688
11226,임병욱,2015,"2,700",0.061
11226,임병욱,2016,"4,000",1.951
11226,임병욱,2017,"6,500",0.043
11226,임병욱,2018,"5,000",1.646
11226,임병욱,2019,"10,000",-0.061
11226,임병욱,2020,"8,800",0.173
11226,임병욱,2021,-,-
11226,임병욱,2023,"5,800",0.443
11226,임병욱,2024,"7,000",-0.062
10493,이택근,2003,-,1.169
10493,이택근,2004,"3,500",0.049
10493,이택근,2005,"4,000",1.810
10493,이택근,2006,"4,500",5.299
10493,이택근,2007,"10,500",3.831
10493,이택근,2008,"13,000",3.971
10493,이택근,2009,"22,500",4.454
10493,이택근,2010,"27,000",1.926
10493,이택근,2011,"27,000",1.690
10493,이택근,2012,"70,000",2.705
10493,이택근,2013,"70,000",2.193
10493,이택근,2014,"70,000",2.510
10493,이택근,2015,"70,000",2.260
10493,이택근,2016,"50,000",0.690
10493,이택근,2017,"50,000",0.092
10493,이택근,2018,"50,000",1.032
10493,이택근,2019,"50,000",-
10493,이택근,2020,"5,000",-0.149
10868,김규민,2016,"2,700",-
10868,김규민,2017,"2,700",-0.295
10868,김규민,2018,"2,900",0.387
10868,김규민,2019,"5,800",0.692
10868,김규민,2020,"5,400",-0.405
10659,고종욱,2011,-,0.335
10659,고종욱,2014,"2,900",-0.143
10659,고종욱,2015,"3,100",2.802
10659,고종욱,2016,"7,700",2.473
10659,고종욱,2017,"12,000",1.098
10659,고종욱,2018,"11,000",-0.215
10659,고종욱,2019,"11,000",3.068
10659,고종욱,2020,"17,000",-0.168
10659,고종욱,2021,"11,000",-0.653
10659,고종욱,2022,"7,000",0.461
10659,고종욱,2023,"7,000",1.293
10659,고종욱,2024,"15,000",0.148
11162,나성범,2012,"2,400",-
11162,나성범,2013,"4,000",2.977
11162,나성범,2014,"7,500",7.001
11162,나성범,2015,"22,000",6.057
11162,나성범,2016,"30,000",5.431
11162,나성범,2017,"35,000",6.860
11162,나성범,2018,"43,000",5.179
11162,나성범,2019,"55,000",1.752
11162,나성범,2020,"50,000",5.213
11162,나성범,2021,"78,000",3.414
11162,나성범,2022,"200,000",7.797
11162,나성범,2023,"80,000",3.681
11162,나성범,2024,"80,000",0.320
11137,박민우,2013,-,-0.163
11137,박민우,2014,"2,600",4.143
11137,박민우,2015,"9,500",5.845
11137,박민우,2016,"19,000",4.353
11137,박민우,2017,"25,000",4.841
11137,박민우,2018,"32,000",3.169
11137,박민우,2019,"38,000",5.833
11137,박민우,2020,"52,000",5.986
11137,박민우,2021,"63,000",1.960
11137,박민우,2022,"41,000",2.720
11137,박민우,2023,"110,000",5.250
11137,박민우,2024,"100,000",3.925
11153,김성욱,2013,"2,400",0.011
11153,김성욱,2014,"2,500",0.279
11153,김성욱,2015,"2,700",1.209
11153,김성욱,2016,"5,500",1.736
11153,김성욱,2017,"10,000",0.874
11153,김성욱,2018,"10,500",1.712
11153,김성욱,2019,"13,000",1.207
11153,김성욱,2020,"12,000",0.627
11153,김성욱,2021,-,-
11153,김성욱,2023,"10,000",0.345
11153,김성욱,2024,"9,500",0.278
11165,노진혁,2012,"2,400",-
11165,노진혁,2013,"2,400",-0.450
11165,노진혁,2014,"4,800",-0.125
11165,노진혁,2015,"4,300",-0.659
11165,노진혁,2016,"4,300",-
11165,노진혁,2017,-,0.185
11165,노진혁,2018,"4,300",1.711
11165,노진혁,2019,"10,000",4.067
11165,노진혁,2020,"14,000",4.595
11165,노진혁,2021,"23,000",3.093
11165,노진혁,2022,"23,000",2.300
11165,노진혁,2023,"50,000",2.556
11165,노진혁,2024,"60,000",-0.627
11172,권희동,2013,"2,400",1.007
11172,권희동,2014,"5,100",0.744
11172,권희동,2016,"6,800",-0.045
11172,권희동,2017,"6,800",4.101
11172,권희동,2018,"13,000",1.663
11172,권희동,2019,"14,000",1.987
11172,권희동,2020,"13,500",2.750
11172,권희동,2021,"17,000",1.388
11172,권희동,2022,"11,000",1.066
11172,권희동,2023,"9,000",2.176
11172,권희동,2024,"15,000",2.219
12947,스크럭스,2017,"80,000",4.798
12947,스크럭스,2018,"70,000",1.452
10322,박석민,2004,-,-0.547
10322,박석민,2005,-,-0.329
10322,박석민,2006,-,-
10322,박석민,2007,-,-
10322,박석민,2008,-,4.099
10322,박석민,2009,-,3.871
10322,박석민,2010,-,3.767
10322,박석민,2011,-,3.784
10322,박석민,2012,-,6.378
10322,박석민,2013,-,6.137
10322,박석민,2014,"37,000",4.219
10322,박석민,2015,"47,000",7.435
10322,박석민,2016,"75,000",1.552
10322,박석민,2017,"75,000",0.127
10322,박석민,2018,"75,000",1.114
10322,박석민,2019,"75,000",3.065
10322,박석민,2020,"70,000",3.102
10322,박석민,2021,"70,000",1.231
10322,박석민,2022,"70,000",-0.277
10322,박석민,2023,"5,000",-0.830
10322,박석민,2024,-,-
10093,모창민,2008,"2,000",-0.584
10093,모창민,2009,"3,500",-0.369
10093,모창민,2010,"4,200",-0.798
10093,모창민,2011,-,-
10093,모창민,2012,"4,200",0.136
10093,모창민,2013,"4,200",3.843
10093,모창민,2014,"8,600",1.231
10093,모창민,2015,"14,000",0.364
10093,모창민,2016,"12,500",1.482
10093,모창민,2017,"11,700",2.804
10093,모창민,2018,"18,500",0.829
10093,모창민,2019,"30,000",1.318
10093,모창민,2020,"30,000",0.398
10093,모창민,2021,"30,000",-0.107
10093,모창민,2022,-,-
10093,모창민,2023,-,-
10093,모창민,2024,-,-
12995,로하스,2017,"40,000",2.865
12995,로하스,2018,"80,000",6.846
12995,로하스,2019,"100,000",6.468
12995,로하스,2020,"80,000",9.398
12995,로하스,2024,"50,000",4.880
10407,황재균,2007,"2,000",1.140
10407,황재균,2008,"2,800",-0.179
10407,황재균,2009,"4,000",3.071
10407,황재균,2010,"4,000",-0.306
10407,황재균,2011,"10,000",1.772
10407,황재균,2012,"15,000",1.530
10407,황재균,2013,"18,000",2.844
10407,황재균,2014,"19,000",3.171
10407,황재균,2015,"31,000",3.456
10407,황재균,2016,"50,000",6.502
10407,황재균,2018,"120,000",3.590
10407,황재균,2019,"120,000",6.160
10407,황재균,2020,"120,000",5.696
10407,황재균,2021,"80,000",2.934
10407,황재균,2022,"40,000",1.861
10407,황재균,2023,"100,000",3.244
10407,황재균,2024,"100,000",0.612
10627,유한준,2005,"2,000",0.025
10627,유한준,2006,"2,100",0.889
10627,유한준,2007,"3,500",-0.254
10627,유한준,2008,-,-
10627,유한준,2009,-,-
10627,유한준,2010,"3,500",1.952
10627,유한준,2011,"8,800",2.667
10627,유한준,2012,"12,500",-0.107
10627,유한준,2013,"11,500",0.860
10627,유한준,2014,"11,500",3.440
10627,유한준,2015,"28,000",7.334
10627,유한준,2016,"60,000",1.372
10627,유한준,2017,"60,000",1.782
10627,유한준,2018,"60,000",2.658
10627,유한준,2019,"60,000",3.028
10627,유한준,2020,"50,000",1.089
10627,유한준,2021,"50,000",1.703
10627,유한준,2023,-,-
10627,유한준,2024,-,-
10469,박경수,2003,"2,000",0.804
10469,박경수,2004,"3,200",1.642
10469,박경수,2005,"5,000",0.065
10469,박경수,2006,"4,200",1.429
10469,박경수,2007,"5,000",0.672
10469,박경수,2008,"6,000",1.356
10469,박경수,2009,"7,000",1.981
10469,박경수,2010,"7,200",1.770
10469,박경수,2011,"8,000",1.357
10469,박경수,2014,"9,000",-0.029
10469,박경수,2015,"23,000",5.614
10469,박경수,2016,"23,000",4.752
10469,박경수,2017,"23,000",1.970
10469,박경수,2018,"23,000",2.484
10469,박경수,2019,"40,000",3.740
10469,박경수,2020,"40,000",2.901
10469,박경수,2021,"40,000",0.480
10469,박경수,2022,"29,000",-1.125
10469,박경수,2023,"20,000",0.379
10469,박경수,2024,"20,000",0.097
13168,강백호,2018,"2,700",2.111
13168,강백호,2019,"12,000",4.621
13168,강백호,2020,"21,000",5.807
13168,강백호,2021,"31,000",7.259
13168,강백호,2022,"55,000",-0.119
13168,강백호,2023,"29,000",0.983
13168,강백호,2024,"29,000",2.686
11334,심우준,2015,"2,700",-1.356
11334,심우준,2016,"3,500",0.108
11334,심우준,2017,"5,000",0.383
11334,심우준,2018,"6,300",1.563
11334,심우준,2019,"8,500",4.069
11334,심우준,2020,"13,000",0.569
11334,심우준,2021,"15,500",3.540
11334,심우준,2022,"26,000",1.543
11334,심우준,2023,-,-
10249,오태곤,2010,-,-
10249,오태곤,2011,"2,400",-0.024
10249,오태곤,2014,"2,500",-0.136
10249,오태곤,2015,"3,300",-0.452
10249,오태곤,2016,"7,000",-0.163
10249,오태곤,2017,"6,000",0.461
10249,오태곤,2018,"8,300",0.680
10249,오태곤,2019,"8,300",1.166
10249,오태곤,2020,"8,300",0.609
10249,오태곤,2021,"9,500",0.991
10249,오태곤,2022,"10,500",1.178
10249,오태곤,2023,"10,000",0.562
10249,오태곤,2024,"25,000",1.030
10235,장성우,2009,"3,300",-0.234
10235,장성우,2010,"4,300",-0.148
10235,장성우,2011,"5,500",0.401
10235,장성우,2012,-,-
10235,장성우,2013,-,-
10235,장성우,2014,"5,500",0.900
10235,장성우,2015,"6,500",0.911
10235,장성우,2016,"6,500",-
10235,장성우,2017,"5,000",-0.058
10235,장성우,2018,"7,300",0.301
10235,장성우,2019,"9,500",1.818
10235,장성우,2020,"13,500",3.647
10235,장성우,2021,"21,000",2.561
10235,장성우,2022,"50,000",3.851
10235,장성우,2023,"50,000",3.434
10235,장성우,2024,"50,000",2.413
10644,윤석민,2004,-,-0.031
10644,윤석민,2005,"2,000",-0.030
10644,윤석민,2006,"2,000",-0.661
10644,윤석민,2007,"2,000",-0.343
10644,윤석민,2010,-,-
10644,윤석민,2011,"2,400",0.909
10644,윤석민,2012,"4,100",1.438
10644,윤석민,2013,"7,700",0.257
10644,윤석민,2014,"7,700",-0.176
10644,윤석민,2015,"9,700",1.350
10644,윤석민,2016,"16,000",2.670
10644,윤석민,2017,"21,000",1.088
10644,윤석민,2018,"31,000",-0.472
10644,윤석민,2019,"24,000",-0.639
10644,윤석민,2020,"18,000",-0.649
14114,이학주,2019,"2,700",2.594
14114,이학주,2020,"9,000",1.453
14114,이학주,2021,"7,000",-0.441
14114,이학주,2022,"7,000",-0.612
14114,이학주,2023,"7,200",-0.002
14114,이학주,2024,"9,200",-0.145
11233,이창진,2014,"2,400",0.081
11233,이창진,2015,"2,900",0.021
11233,이창진,2018,"3,100",0.041
11233,이창진,2019,"3,100",2.159
11233,이창진,2020,"8,500",0.274
11233,이창진,2021,"7,000",0.657
11233,이창진,2022,"7,000",2.474
11233,이창진,2023,"14,000",1.945
11233,이창진,2024,"12,000",0.552
14224,터커,2019,"18,000",1.949
14224,터커,2020,"55,000",3.458
14224,터커,2021,"70,000",0.345
11261,박찬호,2014,"2,400",-0.172
11261,박찬호,2015,"2,900",-1.288
11261,박찬호,2016,"3,700",-0.343
11261,박찬호,2019,"4,200",1.257
11261,박찬호,2020,"10,500",-0.769
11261,박찬호,2021,"10,000",1.872
11261,박찬호,2022,"12,000",4.098
11261,박찬호,2023,"20,000",4.707
11261,박찬호,2024,"30,000",1.637
10891,박세혁,2012,"2,400",0.096
10891,박세혁,2013,"2,400",-0.073
10891,박세혁,2016,"3,000",1.298
10891,박세혁,2017,"6,000",2.205
10891,박세혁,2018,"10,000",1.765
10891,박세혁,2019,"10,000",6.027
10891,박세혁,2020,"23,200",2.073
10891,박세혁,2021,"26,000",0.613
10891,박세혁,2022,"30,000",2.323
10891,박세혁,2023,"70,000",0.883
10891,박세혁,2024,"70,000",0.478
13927,페르난데스,2019,"30,000",5.730
13927,페르난데스,2020,"40,000",4.965
13927,페르난데스,2021,"60,000",3.094
13927,페르난데스,2022,"60,000",0.479
10195,정수빈,2009,-,0.852
10195,정수빈,2010,-,1.310
10195,정수빈,2011,-,2.683
10195,정수빈,2012,-,0.586
10195,정수빈,2013,-,0.897
10195,정수빈,2014,"13,700",2.835
10195,정수빈,2015,"22,000",2.695
10195,정수빈,2016,"28,000",1.091
10195,정수빈,2017,-,-
10195,정수빈,2018,"28,000",1.822
10195,정수빈,2019,"24,500",3.789
10195,정수빈,2020,"34,000",3.353
10195,정수빈,2021,"60,000",1.430
10195,정수빈,2022,"60,000",1.971
10195,정수빈,2023,"60,000",4.868
10195,정수빈,2024,"60,000",1.844
10894,류지혁,2012,-,0.068
10894,류지혁,2015,"2,800",0.231
10894,류지혁,2016,"3,000",2.213
10894,류지혁,2017,"5,700",1.543
10894,류지혁,2018,"9,500",3.086
10894,류지혁,2019,"12,500",1.784
10894,류지혁,2020,"10,500",0.412
10894,류지혁,2021,"10,000",2.006
10894,류지혁,2022,"10,500",2.189
10894,류지혁,2023,"15,500",0.377
10894,류지혁,2024,"20,000",0.803
13137,정은원,2018,"2,700",0.497
13137,정은원,2019,"5,500",2.199
13137,정은원,2020,"12,000",1.073
13137,정은원,2021,"12,000",4.457
13137,정은원,2022,"19,080",2.802
13137,정은원,2023,"21,800",1.026
13137,정은원,2024,"17,800",0.061
10552,김태균,2001,"1,500",3.909
10552,김태균,2002,"4,000",0.114
10552,김태균,2003,"3,500",5.686
10552,김태균,2004,"10,500",5.172
10552,김태균,2005,"15,500",3.973
10552,김태균,2006,"24,000",4.105
10552,김태균,2007,"31,000",4.915
10552,김태균,2008,"29,000",7.091
10552,김태균,2009,"42,000",2.698
10552,김태균,2012,"150,000",7.108
10552,김태균,2013,"150,000",3.299
10552,김태균,2014,"150,000",3.111
10552,김태균,2015,"150,000",5.002
10552,김태균,2016,"160,000",6.971
10552,김태균,2017,"160,000",2.554
10552,김태균,2018,"140,000",0.599
10552,김태균,2019,"100,000",1.881
10552,김태균,2020,"50,000",-0.744
10552,김태균,2021,-,0.000
10557,오선진,2008,-,-0.183
10557,오선진,2009,-,-0.205
10557,오선진,2010,-,-1.302
10557,오선진,2011,-,-0.480
10557,오선진,2012,-,1.402
10557,오선진,2013,-,0.041
10557,오선진,2016,"8,000",0.134
10557,오선진,2017,"7,600",-0.090
10557,오선진,2018,"8,600",-0.728
10557,오선진,2019,"7,500",0.370
10557,오선진,2020,"10,500",0.134
10557,오선진,2021,"10,000",-0.490
10557,오선진,2022,"7,000",0.519
10557,오선진,2023,"10,000",0.021
10557,오선진,2024,"10,000",0.108
12583,장진혁,2016,"2,700",-
12583,장진혁,2018,"2,800",-0.034
12583,장진혁,2019,"3,800",0.203
12583,장진혁,2020,"5,800",-0.560
12583,장진혁,2022,"5,800",0.611
12583,장진혁,2023,"6,000",-0.440
12583,장진혁,2024,"5,800",0.221
10108,김강민,2002,"1,800",0.000
10108,김강민,2003,"1,800",0.081
10108,김강민,2004,"2,000",-0.204
10108,김강민,2005,"2,200",-0.023
10108,김강민,2006,"2,400",0.620
10108,김강민,2007,"3,400",0.370
10108,김강민,2008,"7,000",0.856
10108,김강민,2009,"9,500",0.728
10108,김강민,2010,"12,000",3.940
10108,김강민,2011,"20,000",2.056
10108,김강민,2012,"19,000",1.935
10108,김강민,2013,-,2.914
10108,김강민,2014,"30,000",2.568
10108,김강민,2015,"60,000",0.917
10108,김강민,2016,"60,000",3.020
10108,김강민,2017,"60,000",0.427
10108,김강민,2018,"60,000",1.192
10108,김강민,2019,"40,000",2.127
10108,김강민,2020,"35,000",1.873
10108,김강민,2021,"20,000",1.393
10108,김강민,2022,"16,000",2.180
10108,김강민,2023,"16,000",0.410
10108,김강민,2024,"11,000",0.371
10655,정의윤,2005,"2,000",-0.056
10655,정의윤,2006,"3,200",0.698
10655,정의윤,2007,"3,200",0.063
10655,정의윤,2008,"4,200",-0.515
10655,정의윤,2009,-,-
10655,정의윤,2010,-,-
10655,정의윤,2011,"4,200",-0.326
10655,정의윤,2012,"5,000",0.710
10655,정의윤,2013,"7,200",0.770
10655,정의윤,2014,"12,000",-0.121
10655,정의윤,2015,"12,000",1.495
10655,정의윤,2016,"12,000",1.972
10655,정의윤,2017,"30,000",1.529
10655,정의윤,2018,"30,000",0.024
10655,정의윤,2019,"30,000",1.514
10655,정의윤,2020,"30,000",-0.654
10655,정의윤,2021,"30,000",-0.771
13288,샌즈,2018,"9,000",1.434
13288,샌즈,2019,"50,000",4.861
10387,박동원,2009,-,-
10387,박동원,2010,-,-0.047
10387,박동원,2011,-,-
10387,박동원,2012,-,-
10387,박동원,2013,-,-0.834
10387,박동원,2014,"3,400",1.267
10387,박동원,2015,"6,800",2.410
10387,박동원,2016,"14,000",1.179
10387,박동원,2017,"20,000",1.590
10387,박동원,2018,"18,000",0.478
10387,박동원,2019,"9,000",3.556
10387,박동원,2020,"22,500",2.025
10387,박동원,2021,"23,000",3.144
10387,박동원,2022,"31,000",4.209
10387,박동원,2023,"30,000",2.916
10387,박동원,2024,"250,000",3.464
10855,서건창,2008,-,-0.026
10855,서건창,2012,"2,400",4.780
10855,서건창,2013,"7,700",1.976
10855,서건창,2014,"9,300",6.868
10855,서건창,2015,"30,000",1.757
10855,서건창,2016,"26,000",5.188
10855,서건창,2017,"40,000",4.510
10855,서건창,2018,"38,000",0.610
10855,서건창,2019,"35,000",2.534
10855,서건창,2020,"35,000",3.397
10855,서건창,2021,"22,500",3.063
10855,서건창,2022,"26,000",-0.054
10855,서건창,2023,"20,000",-0.530
10855,서건창,2024,"5,000",0.654
10312,이지영,2008,-,-
10312,이지영,2009,"2,000",-0.135
10312,이지영,2012,"3,000",0.830
10312,이지영,2013,"6,000",0.105
10312,이지영,2014,"9,000",1.318
10312,이지영,2015,"15,000",2.045
10312,이지영,2016,"21,000",3.291
10312,이지영,2017,"26,000",-2.545
10312,이지영,2018,"21,000",1.965
10312,이지영,2019,"21,000",0.728
10312,이지영,2020,"30,000",1.280
10312,이지영,2021,"30,000",1.179
10312,이지영,2022,"30,000",2.638
10312,이지영,2023,"50,000",0.856
10312,이지영,2024,"20,000",1.339
11376,송성문,2015,"2,700",-0.052
11376,송성문,2017,"3,000",0.212
11376,송성문,2018,"3,500",2.730
11376,송성문,2019,"7,500",-0.013
11376,송성문,2021,"6,000",1.827
11376,송성문,2022,"7,500",2.710
11376,송성문,2023,"12,000",1.951
11376,송성문,2024,"13,000",4.123
10404,장영석,2009,-,-0.212
10404,장영석,2010,-,-0.106
10404,장영석,2011,"3,800",-0.425
10404,장영석,2012,"3,300",-0.321
10404,장영석,2015,"3,300",-0.113
10404,장영석,2016,"3,300",-0.064
10404,장영석,2017,"3,600",0.643
10404,장영석,2018,"6,000",0.014
10404,장영석,2019,"6,000",-0.457
10404,장영석,2020,"7,500",-0.827
10404,장영석,2021,"6,000",-
11244,김태진,2015,"2,700",-0.107
11244,김태진,2016,"3,000",0.055
11244,김태진,2017,-,-
11244,김태진,2018,"3,000",0.108
11244,김태진,2019,"3,300",2.644
11244,김태진,2020,"9,000",-1.322
11244,김태진,2021,"8,500",0.503
11244,김태진,2022,"10,000",0.220
11244,김태진,2023,"12,000",0.045
11244,김태진,2024,"11,000",-0.099
11339,김민혁,2015,"2,900",-0.164
11339,김민혁,2016,"4,700",-0.365
11339,김민혁,2017,-,-
11339,김민혁,2019,"3,900",2.258
11339,김민혁,2020,"9,000",-0.029
11339,김민혁,2021,"6,500",1.350
11339,김민혁,2022,"9,000",1.203
11339,김민혁,2023,"15,000",3.846
11339,김민혁,2024,"24,000",-0.191
10895,유민상,2015,"2,800",-0.066
10895,유민상,2016,"3,200",-0.813
10895,유민상,2017,"4,500",-0.027
10895,유민상,2018,"4,500",0.160
10895,유민상,2019,"4,300",1.107
10895,유민상,2020,"6,000",-0.255
10895,유민상,2021,"10,500",0.040
14629,마차도,2020,"30,000",4.526
14629,마차도,2021,"50,000",4.245
13145,한동희,2018,"2,700",-1.089
13145,한동희,2019,"4,900",-1.115
13145,한동희,2020,"4,700",2.740
13145,한동희,2021,"11,000",2.866
13145,한동희,2022,"17,200",2.145
13145,한동희,2023,"19,260",-2.482
13145,한동희,2024,"16,200",-0.581
10253,정훈,2010,-,-0.347
10253,정훈,2011,"2,600",0.208
10253,정훈,2012,"3,000",-0.317
10253,정훈,2013,"4,200",1.644
10253,정훈,2014,"8,000",3.403
10253,정훈,2015,"14,500",2.681
10253,정훈,2016,"21,000",0.499
10253,정훈,2017,"15,000",0.292
10253,정훈,2018,"10,000",0.885
10253,정훈,2019,"8,000",-0.203
10253,정훈,2020,"6,400",2.295
10253,정훈,2021,"10,000",3.108
10253,정훈,2022,"55,000",-0.041
10253,정훈,2023,"30,000",0.218
10253,정훈,2024,"30,000",0.469
10835,김준태,2013,"2,500",0.049
10835,김준태,2015,"2,700",-0.215
10835,김준태,2016,"3,000",0.353
10835,김준태,2019,"4,400",-0.894
10835,김준태,2020,"3,800",2.184
10835,김준태,2021,"6,500",0.914
10835,김준태,2022,"6,500",1.630
10835,김준태,2023,"10,000",0.722
10835,김준태,2024,"10,000",0.175
12546,홍창기,2016,"2,700",-0.053
12546,홍창기,2017,-,-
12546,홍창기,2018,"3,000",-0.026
12546,홍창기,2019,"3,500",0.112
12546,홍창기,2020,"3,800",5.103
12546,홍창기,2021,"10,000",6.745
12546,홍창기,2022,"32,000",4.002
12546,홍창기,2023,"30,000",7.909
12546,홍창기,2024,"51,000",3.197
14592,라모스,2020,"30,000",4.809
14592,라모스,2021,"60,000",0.821
10645,정진호,2011,-,-0.441
10645,정진호,2012,"2,600",-0.073
10645,정진호,2015,"3,300",-0.022
10645,정진호,2016,"5,200",0.398
10645,정진호,2017,"4,700",0.200
10645,정진호,2018,"8,500",0.477
10645,정진호,2019,"11,300",-0.315
10645,정진호,2020,"11,300",2.118
10645,정진호,2021,"12,000",0.082
10645,정진호,2022,-,-
10645,정진호,2023,-,-
10645,정진호,2024,-,-
14741,반즈,2020,"5,000",2.011
14125,노시환,2019,"2,700",-1.277
14125,노시환,2020,"3,300",0.392
14125,노시환,2021,"6,000",4.214
14125,노시환,2022,"12,000",2.063
14125,노시환,2023,"13,100",6.824
14125,노시환,2024,"35,000",2.076
14587,최지훈,2020,"2,700",1.713
14587,최지훈,2021,"8,000",2.839
14587,최지훈,2022,"15,000",6.492
14587,최지훈,2023,"30,000",1.550
14587,최지훈,2024,"25,000",1.052
11260,박준태,2014,"2,400",0.381
11260,박준태,2015,"3,400",0.008
11260,박준태,2016,"3,400",-
11260,박준태,2018,"3,800",0.603
11260,박준태,2019,"7,000",-0.468
11260,박준태,2020,"4,500",2.163
11260,박준태,2021,"11,000",-0.108
11260,박준태,2022,"5,000",-0.233
11260,박준태,2023,"5,000",-0.197
11260,박준태,2024,-,-
11422,전병우,2015,"2,700",-
11422,전병우,2018,"2,700",1.387
11422,전병우,2019,"4,000",-0.711
11422,전병우,2020,"2,900",1.010
11422,전병우,2021,"6,000",0.713
11422,전병우,2022,"7,000",0.365
11422,전병우,2023,"8,000",-0.049
11422,전병우,2024,"6,000",0.063
11498,허정협,2015,"2,700",0.169
11498,허정협,2016,"3,000",-0.006
11498,허정협,2017,"3,300",0.319
11498,허정협,2018,"4,500",-0.180
11498,허정협,2019,"4,000",0.033
11498,허정협,2020,"3,500",1.006
11498,허정협,2021,"7,000",0.318
14599,알테어,2020,"80,000",3.217
14599,알테어,2021,"110,000",5.813
11148,강진성,2013,"2,400",0.138
11148,강진성,2014,"2,400",-
11148,강진성,2015,-,-
11148,강진성,2016,-,-
11148,강진성,2017,"2,700",0.284
11148,강진성,2018,"3,000",-0.213
11148,강진성,2019,"3,200",0.138
11148,강진성,2020,"3,800",1.783
11148,강진성,2021,"12,000",-0.665
11148,강진성,2022,"13,000",-0.158
11148,강진성,2023,"8,000",0.203
11148,강진성,2024,"8,500",-0.061
11212,배정대,2015,"2,900",-0.904
11212,배정대,2016,"3,500",-0.935
11212,배정대,2017,-,-
11212,배정대,2018,"3,800",-0.047
11212,배정대,2019,"3,800",0.373
11212,배정대,2020,"4,800",4.869
11212,배정대,2021,"14,000",3.072
11212,배정대,2022,"26,000",2.973
11212,배정대,2023,"34,000",1.823
11212,배정대,2024,"32,000",1.049
12943,조용호,2017,"3,100",0.108
12943,조용호,2018,"6,200",-0.296
12943,조용호,2019,"4,000",0.652
12943,조용호,2020,"7,000",2.684
12943,조용호,2021,"13,000",-0.617
12943,조용호,2022,"24,000",3.917
12943,조용호,2023,"32,000",0.033
12943,조용호,2024,"15,000",-0.693
14757,피렐라,2021,"50,000",3.099
14757,피렐라,2022,"60,000",6.227
14757,피렐라,2023,"120,000",0.698
14757,피렐라,2024,-,-
14618,김지찬,2020,"2,700",1.043
14618,김지찬,2021,"7,000",1.233
14618,김지찬,2022,"11,000",3.793
14618,김지찬,2023,"16,000",2.457
14618,김지찬,2024,"16,000",2.729
14137,문보경,2019,"2,700",-
14137,문보경,2020,"2,700",-
14137,문보경,2021,"3,000",1.777
14137,문보경,2022,"6,800",4.927
14137,문보경,2023,"17,000",4.448
14137,문보경,2024,"30,000",0.984
11098,김인태,2013,"2,400",-
11098,김인태,2014,"2,400",-
11098,김인태,2015,-,-
11098,김인태,2016,"2,800",-0.116
11098,김인태,2017,"3,000",0.012
11098,김인태,2018,"3,200",0.268
11098,김인태,2019,"4,000",0.675
11098,김인태,2020,"5,000",0.402
11098,김인태,2021,"6,500",3.424
11098,김인태,2022,"14,000",1.879
11098,김인태,2023,"10,000",0.379
11098,김인태,2024,"9,000",-0.460
11087,강승호,2013,-,-
11087,강승호,2014,"2,400",-
11087,강승호,2015,-,-
11087,강승호,2016,"2,700",-0.359
11087,강승호,2017,"3,500",0.530
11087,강승호,2018,"6,600",-0.129
11087,강승호,2019,"9,600",0.281
11087,강승호,2021,"5,000",2.811
11087,강승호,2022,"11,500",3.563
11087,강승호,2023,"20,000",1.975
11087,강승호,2024,"25,500",2.435
11198,박계범,2015,"2,700",0.033
11198,박계범,2016,"2,900",0.041
11198,박계범,2019,"3,000",0.546
11198,박계범,2020,"5,500",-0.788
11198,박계범,2021,"7,000",2.749
11198,박계범,2022,"14,500",0.341
11198,박계범,2023,"9,700",-0.063
11198,박계범,2024,"8,500",-0.447
11122,장운호,2013,-,0.084
11122,장운호,2014,"2,700",0.113
11122,장운호,2015,"3,700",0.254
11122,장운호,2016,"4,200",-0.385
11122,장운호,2019,"4,800",-0.063
11122,장운호,2020,"3,800",-0.105
11122,장운호,2021,"3,500",0.925
11122,장운호,2022,"5,350",0.735
11122,장운호,2023,"5,000",-0.079
12922,박성한,2017,"2,700",0.017
12922,박성한,2018,"2,700",-0.724
12922,박성한,2019,-,-
12922,박성한,2020,"2,700",0.338
12922,박성한,2021,"3,000",4.913
12922,박성한,2022,"14,000",6.872
12922,박성한,2023,"27,000",4.363
12922,박성한,2024,"30,000",2.078
14888,추신수,2021,"270,000",3.988
14888,추신수,2022,"270,000",3.127
14888,추신수,2023,"170,000",1.458
14888,추신수,2024,"3,000",0.763
12522,박준영,2016,"2,700",0.000
12522,박준영,2017,"4,000",-
12522,박준영,2020,"2,700",-0.481
12522,박준영,2021,"3,200",0.540
12522,박준영,2022,"7,000",-0.180
12522,박준영,2023,"6,000",1.884
12522,박준영,2024,"7,000",1.389
14867,김현준,2021,"3,000",-0.100
14867,김현준,2022,"3,300",2.528
14867,김현준,2023,"8,000",1.244
14867,김현준,2024,"14,000",-0.288
14996,소크라테스,2022,"50,000",4.539
14996,소크라테스,2023,"50,000",4.599
14996,소크라테스,2024,"50,000",1.142
11306,황대인,2015,"2,700",-0.153
11306,황대인,2016,"3,000",0.286
11306,황대인,2019,"3,200",-0.208
11306,황대인,2020,"3,000",0.749
11306,황대인,2021,"4,300",-0.922
11306,황대인,2022,"6,500",-0.098
11306,황대인,2023,"13,000",-0.218
11306,황대인,2024,"8,000",-0.021
15009,피터스,2022,"60,000",1.462
14642,황성빈,2020,"2,700",-
14642,황성빈,2022,"3,000",-0.082
14642,황성빈,2023,"7,200",0.403
14642,황성빈,2024,"7,600",2.348
13112,문성주,2018,"2,700",-0.099
13112,문성주,2019,-,-
13112,문성주,2021,"3,100",0.359
13112,문성주,2022,"4,200",3.622
13112,문성주,2023,"9,500",4.762
13112,문성주,2024,"20,000",2.754
15012,터크먼,2022,"70,000",4.058
12589,김인환,2016,"2,700",-
12589,김인환,2018,"2,800",-0.191
12589,김인환,2019,"3,000",-0.145
12589,김인환,2022,"3,200",2.417
12589,김인환,2023,"6,400",0.230
12589,김인환,2024,"6,900",-0.186
12585,김태연,2016,"2,700",-
12585,김태연,2017,"2,700",-0.600
12585,김태연,2018,"3,000",-0.037
12585,김태연,2019,"3,200",0.086
12585,김태연,2021,"3,200",2.751
12585,김태연,2022,"5,600",1.554
12585,김태연,2023,"6,000",1.406
12585,김태연,2024,"7,800",0.656
15004,푸이그,2022,"70,000",3.523
14785,김휘집,2021,"3,000",-0.535
14785,김휘집,2022,"3,900",0.034
14785,김휘집,2023,"7,400",1.119
14785,김휘집,2024,"11,000",0.672
11182,김준완,2013,"2,400",-0.196
11182,김준완,2014,"2,400",0.243
11182,김준완,2015,"2,700",0.391
11182,김준완,2016,"3,000",1.846
11182,김준완,2017,"7,000",0.212
11182,김준완,2019,"8,000",-0.172
11182,김준완,2020,"8,000",0.003
11182,김준완,2021,"6,000",0.113
11182,김준완,2022,"5,000",-0.492
11182,김준완,2023,"9,000",-0.054
14765,김주원,2021,"3,000",1.014
14765,김주원,2022,"6,000",4.290
14765,김주원,2023,"9,000",2.223
14765,김주원,2024,"16,000",2.037
15008,마티니,2022,"44,000",2.327
15144,알포드,2022,"47,700",2.428
15144,알포드,2023,"100,000",4.819
11397,오윤석,2015,"2,700",0.230
11397,오윤석,2016,"2,700",-
11397,오윤석,2018,"3,100",-0.234
11397,오윤석,2019,"3,000",-0.929
11397,오윤석,2020,"4,000",1.023
11397,오윤석,2021,"6,000",1.873
11397,오윤석,2022,"9,000",1.783
11397,오윤석,2023,"12,000",0.762
11397,오윤석,2024,"14,000",0.025
15034,이재현,2022,"3,000",0.058
15034,이재현,2023,"6,000",2.985
15034,이재현,2024,"14,000",1.981
15056,김도영,2022,"3,000",2.168
15056,김도영,2023,"5,000",3.880
15056,김도영,2024,"10,000",5.010
11099,이우성,2013,"2,400",-
11099,이우성,2014,"2,400",-
11099,이우성,2015,-,-
11099,이우성,2016,"2,800",-0.059
11099,이우성,2017,"2,800",-0.042
11099,이우성,2018,"2,800",-0.066
11099,이우성,2019,"4,000",-0.257
11099,이우성,2020,"4,000",-0.231
11099,이우성,2021,"4,100",0.494
11099,이우성,2022,"4,100",0.144
11099,이우성,2023,"5,500",2.659
11099,이우성,2024,"13,000",0.711
10804,박승욱,2012,"2,400",-0.044
10804,박승욱,2013,"2,400",-0.140
10804,박승욱,2016,"2,700",0.746
10804,박승욱,2017,"3,500",-0.702
10804,박승욱,2018,"4,500",0.232
10804,박승욱,2019,"6,600",0.590
10804,박승욱,2020,"8,000",-0.300
10804,박승욱,2021,"8,000",-0.196
10804,박승욱,2022,"3,000",0.180
10804,박승욱,2023,"7,000",1.924
10804,박승욱,2024,"13,500",-0.014
15048,윤동희,2022,"3,000",-0.356
15048,윤동희,2023,"3,300",0.875
15048,윤동희,2024,"9,000",1.691
15253,김민석,2022,-,-
15253,김민석,2023,"3,000",-0.212
15253,김민석,2024,"8,500",-0.499
15532,오스틴,2023,"40,000",5.736
15532,오스틴,2024,"80,000",2.534
13056,신민재,2015,-,-
13056,신민재,2019,"2,700",0.175
13056,신민재,2020,"5,000",0.380
13056,신민재,2021,"5,500",-0.082
13056,신민재,2022,"5,000",0.060
13056,신민재,2023,"4,800",1.426
13056,신민재,2024,"11,500",0.877
15539,로하스,2023,"85,000",2.413
12539,이진영,2016,"2,700",-0.419
12539,이진영,2017,"3,000",0.002
12539,이진영,2019,-,-0.087
12539,이진영,2020,"3,400",0.065
12539,이진영,2021,"3,600",0.286
12539,이진영,2022,"3,600",-0.082
12539,이진영,2023,"3,900",3.602
12539,이진영,2024,"7,000",0.028
11414,이도윤,2015,"2,700",-
11414,이도윤,2018,"2,700",-0.024
11414,이도윤,2019,-,-
11414,이도윤,2020,"3,000",-0.085
11414,이도윤,2021,"3,200",-0.441
11414,이도윤,2022,"3,400",-0.361
11414,이도윤,2023,"3,400",2.265
11414,이도윤,2024,"7,500",1.082
15422,문현빈,2023,"3,000",1.868
15422,문현빈,2024,"8,000",-0.428
15530,에레디아,2023,"90,000",4.106
15530,에레디아,2024,"115,000",2.169
15537,마틴,2023,"72,000",3.277
14220,서호철,2019,"2,700",-
14220,서호철,2020,"3,000",-0.201
14220,서호철,2022,"3,000",-0.164
14220,서호철,2023,"4,500",2.846
14220,서호철,2024,"12,000",1.026
11333,문상철,2015,"3,000",-0.346
11333,문상철,2016,"3,600",-0.594
11333,문상철,2017,-,-
11333,문상철,2019,"3,100",-0.119
11333,문상철,2020,"4,000",0.166
11333,문상철,2021,"6,000",0.115
11333,문상철,2022,"6,600",-0.237
11333,문상철,2023,"5,600",0.110
11333,문상철,2024,"11,000",2.049
15035,김영웅,2022,"3,000",-0.003
15035,김영웅,2023,"3,200",0.205
15035,김영웅,2024,"3,800",2.706
12562,이성규,2016,"2,700",-0.009
12562,이성규,2017,"3,000",-0.006
12562,이성규,2019,"3,300",0.087
12562,이성규,2020,"4,300",-0.268
12562,이성규,2021,"7,000",-
12562,이성규,2022,"5,000",-0.191
12562,이성규,2023,"4,500",-0.034
12562,이성규,2024,"6,000",1.822
15862,맥키넌,2024,"90,000",1.145
13113,한준수,2018,"2,700",-
13113,한준수,2019,"2,700",0.370
13113,한준수,2020,"2,900",-
13113,한준수,2021,"3,100",-
13113,한준수,2023,"3,100",0.629
13113,한준수,2024,"5,000",1.176
16106,레이예스,2024,"60,000",2.318
14160,고승민,2019,"2,700",-0.126
14160,고승민,2020,"3,800",-
14160,고승민,2022,"3,800",2.048
14160,고승민,2023,"7,300",0.267
14160,고승민,2024,"8,000",2.095
14590,손호영,2020,"2,700",-0.191
14590,손호영,2021,"3,700",-0.224
14590,손호영,2022,"3,500",0.335
14590,손호영,2023,"4,700",-0.528
14590,손호영,2024,"4,500",1.277
14797,나승엽,2021,"3,000",-0.217
14797,나승엽,2022,"4,000",-
14797,나승엽,2024,"4,000",0.697
14140,구본혁,2019,"2,700",-0.188
14140,구본혁,2020,"4,000",-0.251
14140,구본혁,2021,"6,300",-0.078
14140,구본혁,2022,"7,000",-
14140,구본혁,2024,"7,000",1.100
15000,라모스,2022,"65,000",0.392
15000,라모스,2024,"55,000",2.062
12524,조수행,2016,"2,700",-0.291
12524,조수행,2017,"3,600",0.941
12524,조수행,2018,"4,500",0.491
12524,조수행,2019,-,-
12524,조수행,2020,"4,500",-0.242
12524,조수행,2021,"7,500",1.330
12524,조수행,2022,"8,500",-0.311
12524,조수행,2023,"7,800",0.485
12524,조수행,2024,"9,500",1.014
16121,페라자,2024,"60,000",2.637
14707,최인호,2020,"2,700",-0.777
14707,최인호,2021,"3,400",0.890
14707,최인호,2023,"3,800",1.493
14707,최인호,2024,"4,800",1.511
16110,황영묵,2024,"3,000",0.883
14807,고명준,2021,"3,000",-0.081
14807,고명준,2022,"3,000",-
14807,고명준,2023,"3,000",-0.019
14807,고명준,2024,"3,000",0.764
14147,하재훈,2019,"2,700",3.242
14147,하재훈,2020,"15,000",-0.347
14147,하재훈,2021,"7,000",0.433
14147,하재훈,2022,"5,300",-
14147,하재훈,2023,"5,500",-
14147,하재훈,2024,"10,000",-
15652,도슨,2023,"8,500",1.752
15652,도슨,2024,"55,000",3.822
14591,이주형,2020,"2,700",-
14591,이주형,2021,"3,000",0.074
14591,이주형,2023,"3,300",2.553
14591,이주형,2024,"6,600",1.150
10870,김재현,2015,"2,700",0.078
10870,김재현,2016,"4,400",-0.456
10870,김재현,2017,"5,300",-0.377
10870,김재현,2018,"5,000",0.039
10870,김재현,2020,"7,000",-0.103
10870,김재현,2021,"7,000",-0.250
10870,김재현,2022,"6,500",-0.701
10870,김재현,2023,"6,500",-0.555
10870,김재현,2024,"5,500",-0.043
16066,데이비슨,2024,"56,000",1.604
13081,김형준,2018,"2,700",-0.788
13081,김형준,2019,"3,200",0.095
13081,김형준,2020,"5,000",0.604
13081,김형준,2021,-,-
13081,김형준,2022,-,-
13081,김형준,2023,"5,000",0.900
13081,김형준,2024,"5,800",0.911
14606,천성호,2020,"2,700",-0.495
14606,천성호,2021,"4,000",0.005
14606,천성호,2022,"4,400",-
14606,천성호,2024,"4,500",-0.063
13064,아델만,2018,"95,000",4.336
13178,보니야,2018,"70,000",3.829
10363,백정현,2007,-,-0.073
10363,백정현,2008,"2,300",0.091
10363,백정현,2009,"2,200",0.003
10363,백정현,2010,"2,800",0.735
10363,백정현,2011,-,-
10363,백정현,2012,"3,000",0.022
10363,백정현,2013,"3,200",-0.113
10363,백정현,2014,"4,500",0.617
10363,백정현,2015,"5,500",0.165
10363,백정현,2016,"5,500",0.951
10363,백정현,2017,"10,000",3.280
10363,백정현,2018,"15,500",3.496
10363,백정현,2019,"21,000",2.987
10363,백정현,2020,"28,000",0.360
10363,백정현,2021,"25,500",6.155
10363,백정현,2022,"80,000",1.745
10363,백정현,2023,"40,000",3.088
10363,백정현,2024,"40,000",0.139
10368,윤성환,2004,-,0.432
10368,윤성환,2005,-,-
10368,윤성환,2006,-,-
10368,윤성환,2007,-,2.263
10368,윤성환,2008,"7,000",2.060
10368,윤성환,2009,"11,000",3.814
10368,윤성환,2010,"18,000",0.489
10368,윤성환,2011,"15,000",2.766
10368,윤성환,2012,"25,000",3.584
10368,윤성환,2013,"30,000",5.238
10368,윤성환,2014,"45,000",4.319
10368,윤성환,2015,"80,000",5.557
10368,윤성환,2016,"80,000",4.490
10368,윤성환,2017,"80,000",5.839
10368,윤성환,2018,"80,000",1.006
10368,윤성환,2019,"40,000",2.151
10368,윤성환,2020,"40,000",0.036
10058,양현종,2007,"2,000",0.656
10058,양현종,2008,"2,400",-0.065
10058,양현종,2009,"3,500",4.795
10058,양현종,2010,"10,000",3.000
10058,양현종,2011,"17,000",-0.230
10058,양현종,2012,"14,000",0.013
10058,양현종,2013,"9,000",4.344
10058,양현종,2014,"12,000",5.822
10058,양현종,2015,"40,000",9.386
10058,양현종,2016,"75,000",7.134
10058,양현종,2017,"150,000",6.148
10058,양현종,2018,"230,000",5.841
10058,양현종,2019,"230,000",8.181
10058,양현종,2020,"230,000",4.869
10058,양현종,2022,"100,000",3.065
10058,양현종,2023,"50,000",3.535
10058,양현종,2024,"50,000",3.187
12509,헥터,2016,"170,000",8.226
12509,헥터,2017,"170,000",7.320
12509,헥터,2018,"170,000",3.584
12509,헥터,2019,-,-
12949,팻딘,2017,"70,000",4.944
12949,팻딘,2018,"70,000",1.527
10909,임기영,2012,"2,400",0.049
10909,임기영,2013,-,-0.173
10909,임기영,2014,"3,000",-0.083
10909,임기영,2015,-,-
10909,임기영,2017,"3,100",3.682
10909,임기영,2018,"13,000",1.210
10909,임기영,2019,"10,000",0.343
10909,임기영,2020,"7,000",2.987
10909,임기영,2021,"10,000",3.271
10909,임기영,2022,"14,000",2.510
10909,임기영,2023,"15,000",1.540
10909,임기영,2024,"25,000",0.087
11392,레일리,2015,"45,000",4.152
11392,레일리,2016,"63,000",4.790
11392,레일리,2017,"85,000",5.613
11392,레일리,2018,"111,000",3.958
11392,레일리,2019,"117,000",5.156
10203,노경은,2003,"2,000",0.393
10203,노경은,2004,"2,400",-0.443
10203,노경은,2005,-,-
10203,노경은,2006,-,-
10203,노경은,2007,"3,000",0.281
10203,노경은,2008,"3,700",-0.139
10203,노경은,2009,"3,200",0.335
10203,노경은,2010,"3,000",-0.304
10203,노경은,2011,"2,900",0.178
10203,노경은,2012,"5,500",4.135
10203,노경은,2013,"16,000",3.393
10203,노경은,2014,"28,000",-1.260
10203,노경은,2015,"20,000",0.007
10203,노경은,2016,"20,000",0.580
10203,노경은,2017,"16,000",-0.410
10203,노경은,2018,"10,000",3.951
10203,노경은,2019,-,-
10203,노경은,2020,"20,000",2.736
10203,노경은,2021,"20,000",-0.200
10203,노경은,2022,"10,000",2.148
10203,노경은,2023,"17,000",1.644
10203,노경은,2024,"35,000",1.603
13067,듀브론트,2018,"90,000",2.918
10825,김원중,2012,"2,400",-
10825,김원중,2015,"2,700",-0.130
10825,김원중,2016,"3,600",-0.013
10825,김원중,2017,"3,000",1.748
10825,김원중,2018,"6,300",1.106
10825,김원중,2019,"10,000",0.630
10825,김원중,2020,"10,000",0.982
10825,김원중,2021,"17,000",1.863
10825,김원중,2022,"28,000",0.633
10825,김원중,2023,"25,200",1.358
10825,김원중,2024,"50,000",1.703
13062,윌슨,2018,"80,000",6.893
13062,윌슨,2019,"90,000",3.705
13062,윌슨,2020,"110,000",2.740
10933,소사,2012,"16,000",2.677
10933,소사,2013,"25,000",2.092
10933,소사,2014,"15,000",3.176
10933,소사,2015,"40,000",5.505
10933,소사,2016,"50,000",2.541
10933,소사,2017,"50,000",4.987
10933,소사,2018,"120,000",6.018
10933,소사,2019,"17,000",2.629
10381,차우찬,2006,-,-0.005
10381,차우찬,2007,-,-0.172
10381,차우찬,2008,-,0.325
10381,차우찬,2009,-,0.419
10381,차우찬,2010,-,5.633
10381,차우찬,2011,-,2.219
10381,차우찬,2012,-,-0.437
10381,차우찬,2013,-,2.974
10381,차우찬,2014,"24,000",0.175
10381,차우찬,2015,"30,000",2.643
10381,차우찬,2016,"40,000",3.365
10381,차우찬,2017,"100,000",4.969
10381,차우찬,2018,"100,000",1.668
10381,차우찬,2019,"100,000",1.843
10381,차우찬,2020,"100,000",0.697
10381,차우찬,2021,"30,000",0.231
10381,차우찬,2022,"30,000",-
10381,차우찬,2023,"5,000",-
10652,임찬규,2011,"2,400",0.786
10652,임찬규,2012,-,0.426
10652,임찬규,2013,-,0.256
10652,임찬규,2016,"4,800",0.178
10652,임찬규,2017,"6,500",2.457
10652,임찬규,2018,"11,500",1.408
10652,임찬규,2019,"17,500",0.143
10652,임찬규,2020,"13,500",2.829
10652,임찬규,2021,"22,000",1.791
10652,임찬규,2022,"20,000",0.719
10652,임찬규,2023,"17,000",3.401
10652,임찬규,2024,"20,000",1.650
12532,김대현,2016,"2,700",-0.036
12532,김대현,2017,"3,000",1.113
12532,김대현,2018,"7,000",-0.150
12532,김대현,2019,"6,400",0.964
12532,김대현,2020,"12,000",-0.075
12532,김대현,2021,"8,000",-0.137
12532,김대현,2023,"6,200",-0.084
12532,김대현,2024,"5,700",-0.115
11393,린드블럼,2015,"85,000",6.874
11393,린드블럼,2016,"120,000",3.647
11393,린드블럼,2017,"47,500",2.552
11393,린드블럼,2018,"135,000",5.994
11393,린드블럼,2019,"170,000",6.319
10217,이용찬,2007,"2,000",-
10217,이용찬,2008,"2,000",0.834
10217,이용찬,2009,"2,400",0.805
10217,이용찬,2010,"5,900",1.374
10217,이용찬,2011,"5,900",1.524
10217,이용찬,2012,"10,200",3.783
10217,이용찬,2013,"17,700",0.073
10217,이용찬,2014,"14,500",0.699
10217,이용찬,2015,-,-
10217,이용찬,2016,"14,500",0.227
10217,이용찬,2017,"18,000",0.688
10217,이용찬,2018,"23,500",4.091
10217,이용찬,2019,"39,000",1.722
10217,이용찬,2020,"42,000",-0.126
10217,이용찬,2021,"10,000",1.376
10217,이용찬,2022,"40,000",2.240
10217,이용찬,2023,"40,000",0.724
10217,이용찬,2024,"40,000",0.931
13058,후랭코프,2018,"70,000",3.989
13058,후랭코프,2019,"110,000",2.437
12568,이영하,2016,"2,700",-
12568,이영하,2017,"2,700",0.196
12568,이영하,2018,"4,200",0.943
12568,이영하,2019,"10,000",3.571
12568,이영하,2020,"27,000",2.390
12568,이영하,2021,"19,000",-0.036
12568,이영하,2022,"16,000",0.509
12568,이영하,2023,"12,000",-0.312
12568,이영하,2024,"10,000",0.322
10213,유희관,2009,-,0.284
10213,유희관,2010,"2,500",-0.075
10213,유희관,2011,-,-
10213,유희관,2012,-,-
10213,유희관,2013,"2,600",3.578
10213,유희관,2014,"10,000",3.876
10213,유희관,2015,"20,000",5.217
10213,유희관,2016,"40,000",4.438
10213,유희관,2017,"50,000",3.413
10213,유희관,2018,"50,000",-0.176
10213,유희관,2019,"35,000",3.547
10213,유희관,2020,"47,000",1.378
10213,유희관,2021,"30,000",-0.634
10213,유희관,2022,-,-
13068,샘슨,2018,"40,000",3.043
13065,휠러,2018,"47,500",1.678
12547,김재영,2016,"2,700",-0.098
12547,김재영,2017,"3,000",0.815
12547,김재영,2018,"5,300",1.640
12547,김재영,2019,"7,100",-0.277
12547,김재영,2022,"5,500",-0.500
12547,김재영,2023,"5,300",-0.138
10126,김광현,2007,"2,000",1.176
10126,김광현,2008,"4,000",5.692
10126,김광현,2009,"13,000",5.196
10126,김광현,2010,"17,500",7.718
10126,김광현,2011,"27,000",0.289
10126,김광현,2012,"25,000",0.480
10126,김광현,2013,"24,000",1.790
10126,김광현,2014,"27,000",6.074
10126,김광현,2015,"60,000",5.003
10126,김광현,2016,"85,000",3.594
10126,김광현,2017,"90,000",-
10126,김광현,2018,"140,000",6.224
10126,김광현,2019,"150,000",7.301
10126,김광현,2022,"810,000",6.438
10126,김광현,2023,"100,000",4.476
10126,김광현,2024,"100,000",1.929
11368,켈리,2015,"25,000",5.144
11368,켈리,2016,"75,000",6.226
11368,켈리,2017,"85,000",5.536
11368,켈리,2018,"140,000",5.229
11368,켈리,2019,-,-
10131,박종훈,2002,-,-
10131,박종훈,2003,-,-
10131,박종훈,2004,-,-
10131,박종훈,2005,-,-
10131,박종훈,2006,-,-
10131,박종훈,2007,-,-
10131,박종훈,2008,-,-
10131,박종훈,2009,-,-
10131,박종훈,2010,"2,400",-
10131,박종훈,2011,"2,400",0.232
10131,박종훈,2012,"2,500",-0.376
10131,박종훈,2013,-,-
10131,박종훈,2014,-,-
10131,박종훈,2015,"2,700",1.813
10131,박종훈,2016,"7,000",1.494
10131,박종훈,2017,"10,000",4.009
10131,박종훈,2018,"20,000",5.089
10131,박종훈,2019,"32,000",3.506
10131,박종훈,2020,"29,000",3.106
10131,박종훈,2021,"32,000",2.095
10131,박종훈,2022,"180,000",0.002
10131,박종훈,2023,"50,000",0.387
10131,박종훈,2024,"110,000",0.107
10783,문승원,2012,"2,400",0.016
10783,문승원,2013,"2,400",-0.164
10783,문승원,2016,"2,900",0.205
10783,문승원,2017,"4,400",2.477
10783,문승원,2018,"9,000",3.608
10783,문승원,2019,"9,000",4.163
10783,문승원,2020,"25,700",4.228
10783,문승원,2021,"25,700",1.739
10783,문승원,2022,"160,000",-0.163
10783,문승원,2023,"70,000",0.781
10783,문승원,2024,"18,000",0.509
13063,산체스,2018,"85,000",3.177
13063,산체스,2019,"95,000",6.640
13063,산체스,2021,-,-
12992,브리검,2017,"25,000",3.788
12992,브리검,2018,"65,000",6.312
12992,브리검,2019,"90,000",4.718
12992,브리검,2020,"80,000",3.163
12992,브리검,2021,"48,000",1.668
11379,최원태,2015,"2,700",-
11379,최원태,2016,"2,700",-0.160
11379,최원태,2017,"4,500",4.330
11379,최원태,2018,"15,000",4.152
11379,최원태,2019,"27,000",4.230
11379,최원태,2020,"37,000",1.486
11379,최원태,2021,"29,000",1.513
11379,최원태,2022,"31,000",2.081
11379,최원태,2023,"35,000",3.205
11379,최원태,2024,"40,000",1.865
10863,한현희,2012,"2,700",1.570
10863,한현희,2013,"5,000",1.489
10863,한현희,2014,"12,500",2.552
10863,한현희,2015,"23,000",2.422
10863,한현희,2016,"30,000",-
10863,한현희,2017,"25,000",1.621
10863,한현희,2018,"23,000",3.156
10863,한현희,2019,"32,000",1.103
10863,한현희,2020,"29,000",2.335
10863,한현희,2021,"29,000",1.932
10863,한현희,2022,"25,000",1.146
10863,한현희,2023,"20,000",0.946
10863,한현희,2024,"30,000",1.305
11149,신재영,2012,"3,000",-
11149,신재영,2013,-,-
11149,신재영,2014,-,-
11149,신재영,2015,-,-
11149,신재영,2016,"2,700",5.212
11149,신재영,2017,"11,000",2.691
11149,신재영,2018,"14,000",0.395
11149,신재영,2019,"14,000",0.600
11149,신재영,2020,"14,000",-0.116
11149,신재영,2021,"14,000",0.028
11149,신재영,2022,"4,000",-0.091
10220,이재학,2010,"2,400",0.265
10220,이재학,2011,-,-
10220,이재학,2012,-,-
10220,이재학,2013,"5,000",4.967
10220,이재학,2014,"12,500",4.101
10220,이재학,2015,"18,000",3.059
10220,이재학,2016,"20,000",2.315
10220,이재학,2017,"20,000",0.441
10220,이재학,2018,"19,000",3.465
10220,이재학,2019,"24,500",2.748
10220,이재학,2020,"27,500",0.488
10220,이재학,2021,"20,000",1.655
10220,이재학,2022,"18,000",1.022
10220,이재학,2023,"20,000",1.164
10220,이재학,2024,"20,000",0.918
12783,왕웨이중,2018,"50,000",2.995
13066,베렛,2018,"10,000",2.833
11353,구창모,2015,"2,700",-
11353,구창모,2016,"2,700",1.544
11353,구창모,2017,"5,700",0.904
11353,구창모,2018,"9,000",2.066
11353,구창모,2019,"12,500",3.296
11353,구창모,2020,"18,000",4.889
11353,구창모,2021,"25,000",-
11353,구창모,2022,"19,000",4.853
11353,구창모,2023,"60,000",1.699
11353,구창모,2024,-,-
10641,니퍼트,2011,"20,000",6.050
10641,니퍼트,2012,"25,000",4.468
10641,니퍼트,2013,"31,000",2.488
10641,니퍼트,2014,"38,700",4.917
10641,니퍼트,2015,"150,000",1.206
10641,니퍼트,2016,"120,000",6.255
10641,니퍼트,2017,"210,000",4.154
10641,니퍼트,2018,"50,000",5.291
11380,피어밴드,2015,"27,000",3.526
11380,피어밴드,2016,"42,000",5.294
11380,피어밴드,2017,"35,000",6.089
11380,피어밴드,2018,"85,000",4.221
11308,고영표,2014,"2,400",-
11308,고영표,2015,"2,700",0.538
11308,고영표,2016,"4,400",0.915
11308,고영표,2017,"5,200",3.785
11308,고영표,2018,"11,500",2.700
11308,고영표,2021,"12,000",5.646
11308,고영표,2022,"30,000",5.315
11308,고영표,2023,"43,000",5.907
11308,고영표,2024,"200,000",0.725
10425,금민철,2005,"2,000",0.582
10425,금민철,2006,"3,000",0.165
10425,금민철,2007,"3,600",0.676
10425,금민철,2008,"4,700",1.897
10425,금민철,2009,"6,000",1.591
10425,금민철,2010,"6,000",2.057
10425,금민철,2011,"9,500",-0.378
10425,금민철,2012,-,-
10425,금민철,2013,-,-
10425,금민철,2014,"8,000",0.247
10425,금민철,2015,"8,800",0.678
10425,금민철,2016,"7,900",-0.055
10425,금민철,2017,"7,300",0.287
10425,금민철,2018,"8,000",2.686
10425,금민철,2019,"15,000",0.065
10425,금민철,2020,"15,000",-0.060
13936,맥과이어,2019,"95,000",1.559
14113,원태인,2019,"2,700",1.422
14113,원태인,2020,"8,000",2.443
14113,원태인,2021,"13,000",6.030
14113,원태인,2022,"30,000",4.669
14113,원태인,2023,"35,000",4.476
14113,원태인,2024,"43,000",2.687
13156,최채흥,2018,"2,700",0.921
13156,최채흥,2019,"4,000",0.705
13156,최채흥,2020,"7,500",4.223
13156,최채흥,2021,"16,000",2.511
13156,최채흥,2022,-,-
13156,최채흥,2023,"15,000",0.205
13156,최채흥,2024,"15,000",-
13924,윌랜드,2019,"70,000",3.016
13925,터너,2019,"70,000",0.727
10453,장시환,2007,"2,000",-0.169
10453,장시환,2008,-,-0.070
10453,장시환,2009,-,-0.195
10453,장시환,2011,-,-0.045
10453,장시환,2012,-,0.223
10453,장시환,2013,-,-0.148
10453,장시환,2014,"3,100",-0.067
10453,장시환,2015,"3,300",2.279
10453,장시환,2016,"8,900",0.680
10453,장시환,2017,"6,500",0.745
10453,장시환,2018,"8,500",0.178
10453,장시환,2019,"8,500",2.271
10453,장시환,2020,"11,000",2.045
10453,장시환,2021,"15,400",-0.344
10453,장시환,2022,"21,000",0.236
10453,장시환,2023,"28,000",0.519
10453,장시환,2024,"20,000",0.352
13934,켈리,2019,"60,000",4.029
13934,켈리,2020,"90,000",5.565
13934,켈리,2021,"70,000",5.627
13934,켈리,2022,"90,000",5.265
13934,켈리,2023,"105,000",3.415
13934,켈리,2024,"80,000",1.437
13939,채드벨,2019,"40,000",5.063
13939,채드벨,2020,"60,000",0.661
13938,서폴드,2019,"70,000",4.977
13938,서폴드,2020,"90,000",2.193
10610,장민재,2009,"2,400",-
10610,장민재,2010,-,0.327
10610,장민재,2011,-,-0.152
10610,장민재,2012,-,-
10610,장민재,2015,"3,700",-0.104
10610,장민재,2016,"3,700",2.148
10610,장민재,2017,"8,100",-0.983
10610,장민재,2018,"7,100",0.715
10610,장민재,2019,"9,000",1.210
10610,장민재,2020,"11,000",0.078
10610,장민재,2021,"10,000",0.412
10610,장민재,2022,"7,600",3.029
10610,장민재,2023,"11,500",0.051
10610,장민재,2024,"15,000",0.301
11411,김범수,2015,"2,700",0.078
11411,김범수,2016,"3,200",-0.072
11411,김범수,2017,"3,300",-0.419
11411,김범수,2018,"3,600",0.218
11411,김범수,2019,"5,800",0.474
11411,김범수,2020,"6,500",0.629
11411,김범수,2021,"6,500",0.505
11411,김범수,2022,"9,680",0.551
11411,김범수,2023,"14,100",0.167
11411,김범수,2024,"19,300",0.093
13940,요키시,2019,"50,000",5.121
13940,요키시,2020,"55,000",6.079
13940,요키시,2021,"75,000",5.575
13940,요키시,2022,"90,000",6.253
13940,요키시,2023,"120,000",0.936
12865,이승호,2017,"2,700",-
12865,이승호,2018,"2,700",0.543
12865,이승호,2019,"5,000",1.884
12865,이승호,2020,"8,500",2.100
12865,이승호,2021,"10,000",-0.447
12865,이승호,2022,"8,500",0.761
12865,이승호,2023,"12,800",0.091
13932,루친스키,2019,"60,000",5.548
13932,루친스키,2020,"100,000",6.871
13932,루친스키,2021,"130,000",5.789
13932,루친스키,2022,"160,000",5.676
11358,박진우,2013,-,-
11358,박진우,2014,-,-
11358,박진우,2015,"2,700",0.019
11358,박진우,2016,"3,200",-
11358,박진우,2017,-,-
11358,박진우,2018,"3,200",0.391
11358,박진우,2019,"4,000",4.169
11358,박진우,2020,"16,000",-0.172
11358,박진우,2021,"11,500",0.351
11358,박진우,2022,-,-
11358,박진우,2023,-,-
11358,박진우,2024,-,-
13942,쿠에바스,2019,"37,000",3.298
13942,쿠에바스,2020,"60,000",3.490
13942,쿠에바스,2021,"50,000",2.521
13942,쿠에바스,2022,"80,000",0.386
13942,쿠에바스,2023,"45,000",4.570
13942,쿠에바스,2024,"100,000",2.918
13941,알칸타라,2019,"45,000",2.979
13941,알칸타라,2020,"45,000",8.979
13941,알칸타라,2023,"50,000",5.790
13941,알칸타라,2024,"80,000",1.658
11394,배제성,2015,"2,700",-
11394,배제성,2017,"2,700",-0.007
11394,배제성,2018,"3,000",0.037
11394,배제성,2019,"3,100",2.110
11394,배제성,2020,"11,000",3.429
11394,배제성,2021,"17,000",3.550
11394,배제성,2022,"27,000",1.545
11394,배제성,2023,"20,000",1.948
11394,배제성,2024,-,-
13167,김민,2018,"2,700",0.722
13167,김민,2019,"4,000",0.847
13167,김민,2020,"7,500",-0.346
13167,김민,2021,-,-
13167,김민,2022,"5,500",0.176
13167,김민,2023,"6,000",-0.285
13167,김민,2024,"5,000",1.256
14617,뷰캐넌,2020,"60,000",5.705
14617,뷰캐넌,2021,"90,000",5.685
14617,뷰캐넌,2022,"110,000",5.748
14617,뷰캐넌,2023,"110,000",6.312
14617,뷰캐넌,2024,-,-
14232,라이블리,2019,"22,500",1.454
14232,라이블리,2020,"50,000",2.978
14232,라이블리,2021,"50,000",1.019
14610,브룩스,2020,"47,900",7.929
14610,브룩스,2021,"100,000",2.306
14609,가뇽,2020,"65,000",4.679
13003,이민우,2015,"2,700",-
13003,이민우,2016,-,-
13003,이민우,2017,"2,700",0.525
13003,이민우,2018,"3,500",-0.181
13003,이민우,2019,"4,000",0.017
13003,이민우,2020,"4,300",0.613
13003,이민우,2021,"6,000",-0.541
13003,이민우,2022,"4,800",-0.271
13003,이민우,2023,"5,100",0.157
13003,이민우,2024,"5,600",0.877
14627,스트레일리,2020,"50,000",8.175
14627,스트레일리,2021,"90,000",4.370
14627,스트레일리,2022,"40,000",2.443
14627,스트레일리,2023,"100,000",1.779
11310,박세웅,2014,"2,700",-
11310,박세웅,2015,"3,600",1.430
11310,박세웅,2016,"5,600",2.256
11310,박세웅,2017,"10,000",5.493
11310,박세웅,2018,"25,000",-0.335
11310,박세웅,2019,"11,000",1.198
11310,박세웅,2020,"11,000",2.738
11310,박세웅,2021,"16,500",5.230
11310,박세웅,2022,"26,000",3.967
11310,박세웅,2023,"150,000",4.632
11310,박세웅,2024,"135,000",1.884
14626,샘슨,2020,"50,000",1.691
14159,서준원,2019,"2,700",1.339
14159,서준원,2020,"4,600",1.305
14159,서준원,2021,"8,500",-0.302
14159,서준원,2022,"8,400",1.141
14159,서준원,2023,"9,500",-
10533,정찬헌,2008,"2,000",-0.034
10533,정찬헌,2009,-,0.765
10533,정찬헌,2010,-,-
10533,정찬헌,2011,-,-
10533,정찬헌,2012,-,-
10533,정찬헌,2013,-,0.013
10533,정찬헌,2014,"3,200",1.171
10533,정찬헌,2015,"8,500",0.685
10533,정찬헌,2016,"5,100",0.186
10533,정찬헌,2017,"4,500",-0.726
10533,정찬헌,2018,"9,500",-0.328
10533,정찬헌,2019,"17,000",-0.083
10533,정찬헌,2020,"13,000",3.067
10533,정찬헌,2021,"20,000",2.126
10533,정찬헌,2022,"28,000",0.603
10533,정찬헌,2023,"10,000",1.265
10533,정찬헌,2024,"20,000",-0.184
14575,플렉센,2020,"60,000",3.943
12852,최원준,2017,"2,700",-
12852,최원준,2018,"2,700",-0.280
12852,최원준,2019,"2,900",0.966
12852,최원준,2020,"5,900",3.456
12852,최원준,2021,"16,000",4.880
12852,최원준,2022,"34,000",3.431
12852,최원준,2023,"33,000",1.227
12852,최원준,2024,"25,000",0.498
11410,김민우,2015,"2,700",0.854
11410,김민우,2016,"3,800",-0.448
11410,김민우,2017,"3,800",-0.292
11410,김민우,2018,"3,600",0.413
11410,김민우,2019,"4,700",-0.456
11410,김민우,2020,"4,200",3.112
11410,김민우,2021,"9,000",3.905
11410,김민우,2022,"19,100",3.093
11410,김민우,2023,"22,800",-0.458
11410,김민우,2024,"16,700",0.596
11242,이건욱,2002,-,-
11242,이건욱,2003,-,-
11242,이건욱,2004,-,-
11242,이건욱,2005,-,-
11242,이건욱,2006,-,-
11242,이건욱,2007,-,-
11242,이건욱,2008,-,-
11242,이건욱,2009,-,-
11242,이건욱,2010,-,-
11242,이건욱,2011,-,-
11242,이건욱,2012,-,-
11242,이건욱,2013,-,-
11242,이건욱,2014,"2,400",-
11242,이건욱,2015,-,-
11242,이건욱,2016,"2,700",-0.018
11242,이건욱,2017,"2,700",-0.040
11242,이건욱,2020,"3,000",1.841
11242,이건욱,2021,"3,000",-0.310
11242,이건욱,2022,"3,200",-0.054
11242,이건욱,2023,"3,100",0.604
11242,이건욱,2024,"6,100",-0.271
14583,핀토,2020,"45,000",1.152
14596,라이트,2020,"80,000",3.366
14602,데스파이네,2020,"45,000",4.120
14602,데스파이네,2021,"50,000",5.243
14602,데스파이네,2022,"70,000",2.266
14600,소형준,2020,"2,700",3.240
14600,소형준,2021,"14,000",2.098
14600,소형준,2022,"20,000",4.697
14600,소형준,2023,"32,000",-0.193
14600,소형준,2024,"22,000",-
11317,김민수,2015,"2,700",0.126
11317,김민수,2016,"3,200",0.092
11317,김민수,2018,"3,200",0.006
11317,김민수,2019,"3,000",0.609
11317,김민수,2020,"6,500",-0.221
11317,김민수,2021,"7,000",0.887
11317,김민수,2022,"11,500",2.533
11317,김민수,2023,"25,000",-0.181
11317,김민수,2024,"16,000",0.375
14755,멩덴,2021,"42,500",3.485
14756,프랑코,2021,"24,500",2.098
14753,수아레즈,2021,"40,000",4.521
14589,이민호,2020,"2,700",2.720
14589,이민호,2021,"7,000",2.133
14589,이민호,2022,"9,800",0.297
14589,이민호,2023,"14,000",-0.005
14751,미란다,2021,"55,000",7.486
14751,미란다,2022,"160,000",-0.106
14750,로켓,2021,"49,300",4.486
14750,로켓,2022,-,-
14582,킹험,2020,"50,000",-0.236
14582,킹험,2021,"25,000",4.197
14582,킹험,2022,"70,000",0.448
14760,카펜터,2021,"30,000",2.786
14760,카펜터,2022,"35,000",0.638
14759,폰트,2021,"85,000",4.089
14759,폰트,2022,"110,000",5.580
10609,이태양,2010,-,-
10609,이태양,2011,-,-
10609,이태양,2012,-,-0.083
10609,이태양,2013,-,-0.411
10609,이태양,2014,"3,000",3.532
10609,이태양,2015,"7,500",-
10609,이태양,2016,"6,500",2.480
10609,이태양,2017,"8,300",-0.011
10609,이태양,2018,"7,300",1.882
10609,이태양,2019,"15,000",-0.445
10609,이태양,2020,"14,000",0.369
10609,이태양,2021,"10,000",0.740
10609,이태양,2022,"12,000",2.148
10609,이태양,2023,"66,000",1.444
10609,이태양,2024,"50,000",-0.301
14581,오원석,2020,"2,700",-0.093
14581,오원석,2021,"2,700",-0.064
14581,오원석,2022,"6,500",1.782
14581,오원석,2023,"14,000",1.645
14581,오원석,2024,"14,000",2.956
13091,안우진,2018,"2,700",-0.475
13091,안우진,2019,"3,200",0.439
13091,안우진,2020,"4,800",0.996
13091,안우진,2021,"9,000",2.734
13091,안우진,2022,"15,000",8.448
13091,안우진,2023,"35,000",6.862
14749,파슨스,2021,"32,000",4.393
14749,파슨스,2022,"44,000",1.136
13085,신민혁,2018,"2,700",-
13085,신민혁,2019,-,-
13085,신민혁,2020,"2,700",0.266
13085,신민혁,2021,"4,000",3.515
13085,신민혁,2022,"12,000",1.893
13085,신민혁,2023,"13,500",1.909
13085,신민혁,2024,"18,000",1.704
14155,송명기,2019,"2,700",-0.035
14155,송명기,2020,"2,700",2.344
14155,송명기,2021,"11,000",1.482
14155,송명기,2022,"13,000",1.327
14155,송명기,2023,"13,000",0.857
14155,송명기,2024,"13,500",-0.055
15001,수아레즈,2022,"70,000",6.652
15001,수아레즈,2023,"90,000",2.517
14998,놀린,2022,"35,000",4.308
14788,이의리,2021,"3,000",2.796
14788,이의리,2022,"9,000",2.324
14788,이의리,2023,"15,000",2.779
14788,이의리,2024,"17,000",0.088
15011,반즈,2022,"46,000",5.700
15011,반즈,2023,"85,000",5.742
15011,반즈,2024,"85,000",2.636
11232,이인복,2014,"2,400",-0.109
11232,이인복,2015,"2,900",-0.422
11232,이인복,2018,"3,100",-
11232,이인복,2019,"2,800",-0.460
11232,이인복,2020,"3,000",0.381
11232,이인복,2021,"4,800",1.241
11232,이인복,2022,"8,500",3.482
11232,이인복,2023,"14,500",-0.270
11232,이인복,2024,"10,000",0.040
12930,나균안,2017,"2,700",-
12930,나균안,2018,"2,800",-
12930,나균안,2019,"4,300",-
12930,나균안,2020,"4,300",-
12930,나균안,2021,"4,300",0.052
12930,나균안,2022,"5,800",2.730
12930,나균안,2023,"10,900",3.399
12930,나균안,2024,"17,000",-0.310
15003,플럿코,2022,"50,000",5.260
15003,플럿코,2023,"80,000",4.578
14588,김윤식,2020,"2,700",0.399
14588,김윤식,2021,"5,000",0.221
14588,김윤식,2022,"7,000",2.699
14588,김윤식,2023,"15,000",1.478
14588,김윤식,2024,"12,000",-0.069
13061,곽빈,2018,"2,700",-0.511
13061,곽빈,2019,-,-
13061,곽빈,2020,"3,500",-
13061,곽빈,2021,"3,000",2.450
13061,곽빈,2022,"6,500",3.533
13061,곽빈,2023,"14,000",4.361
13061,곽빈,2024,"21,000",3.123
14999,스탁,2022,"40,000",2.684
15005,애플러,2022,"27,500",2.343
11318,엄상백,2015,"2,700",1.170
11318,엄상백,2016,"6,000",0.588
11318,엄상백,2017,"5,300",1.356
11318,엄상백,2018,"7,600",0.259
11318,엄상백,2019,"8,000",-0.577
11318,엄상백,2021,"5,000",1.342
11318,엄상백,2022,"8,000",4.129
11318,엄상백,2023,"20,000",2.908
11318,엄상백,2024,"25,000",1.788
15432,윤영철,2023,"3,000",2.270
15432,윤영철,2024,"9,000",1.688
15153,브랜든,2022,"15,000",1.618
15153,브랜든,2023,"23,000",3.611
15153,브랜든,2024,"75,000",2.249
14770,최승용,2021,"3,000",-0.013
14770,최승용,2022,"3,500",0.924
14770,최승용,2023,"6,000",1.937
14770,최승용,2024,"10,200",-
15146,페냐,2022,"40,000",1.326
15146,페냐,2023,"55,000",4.204
15146,페냐,2024,"65,000",0.336
15013,문동주,2022,"3,000",0.180
15013,문동주,2023,"3,300",2.959
15013,문동주,2024,"10,000",0.179
15643,산체스,2023,"40,000",2.506
15643,산체스,2024,"50,000",1.519
15644,엘리아스,2023,"54,000",3.542
15644,엘리아스,2024,"65,000",0.899
15528,맥카티,2023,"60,000",3.383
15531,후라도,2023,"85,000",7.120
15531,후라도,2024,"120,000",3.345
15535,페디,2023,"80,000",7.953
15143,벤자민,2022,"23,100",3.101
15143,벤자민,2023,"100,000",2.903
15143,벤자민,2024,"90,000",1.912
15861,레예스,2024,"50,000",2.745
14798,이승현,2021,"3,000",0.470
14798,이승현,2022,"5,500",0.406
14798,이승현,2023,"8,000",0.048
14798,이승현,2024,"7,000",2.034
15860,코너,2024,"80,000",1.899
16088,네일,2024,"35,000",3.355
12295,윌커슨,2023,"25,000",3.031
12295,윌커슨,2024,"60,000",4.313
12908,손주영,2017,"2,700",0.170
12908,손주영,2018,"3,000",0.001
12908,손주영,2019,-,-
12908,손주영,2021,"3,300",-0.374
12908,손주영,2022,"3,800",0.042
12908,손주영,2023,"4,100",-0.082
12908,손주영,2024,"4,300",1.912
16023,엔스,2024,"60,000",1.618
10590,류현진,2006,"2,000",6.943
10590,류현진,2007,"10,000",5.517
10590,류현진,2008,"18,000",3.910
10590,류현진,2009,"24,000",5.732
10590,류현진,2010,"27,000",9.336
10590,류현진,2011,"40,000",2.824
10590,류현진,2012,"43,000",5.552
10590,류현진,2024,"250,000",2.234
16138,헤이수스,2024,"60,000",2.853
11222,하영민,2014,"2,400",0.164
11222,하영민,2015,"4,000",-0.019
11222,하영민,2016,"5,500",0.526
11222,하영민,2017,"6,000",0.713
11222,하영민,2018,"5,500",-0.195
11222,하영민,2019,"4,500",-
11222,하영민,2022,"4,000",-0.567
11222,하영민,2023,"6,500",-0.441
11222,하영민,2024,"8,000",1.132
16065,하트,2024,"50,000",3.360
16064,카스타노,2024,"52,000",1.514
13080,김시훈,2018,"2,700",-
13080,김시훈,2022,"3,000",1.978
13080,김시훈,2023,"9,000",-0.096
13080,김시훈,2024,"11,000",1.232
