Year,Team,Rank,Name,Pos,WAR,G,GS,GR,GF,CG,SHO,W,L,S,HD,IP,ER,R,rRA,TBF,H,2B,3B,HR,BB,HP,IB,SO,ROE,BK,WP,ERA,RA9,rRA9,rRA9pf,FIP,WHIP,url,player_id
2018,삼성,1,아델만,18  P,4.34,31,31,0,0,0,0,8,12,0,0,171.0,96,101,99.60,758,202,39,1,20,54,11,0,137,5,1,7,5.05,5.32,5.24,5.05,4.91,1.50,/player/?m=playerinfo&p_no=13064,13064
2018,삼성,2,보니야,18  P,3.83,29,29,0,0,0,0,7,10,0,0,168.0,99,111,105.00,752,193,40,2,23,63,12,1,151,13,1,9,5.30,5.95,5.63,5.28,5.11,1.52,/player/?m=playerinfo&p_no=13178,13178
2018,삼성,3,백정현,18  P,3.50,25,23,2,1,0,0,7,7,1,0,125.2,64,68,68.00,540,142,27,2,18,36,3,0,99,4,0,2,4.58,4.87,4.87,4.66,5.04,1.42,/player/?m=playerinfo&p_no=10363,10363
2018,삼성,4,윤성환,18  P,1.01,24,24,0,0,0,0,5,9,0,0,117.1,91,99,96.25,542,164,30,0,28,32,9,0,89,2,0,2,6.98,7.59,7.38,6.94,6.37,1.67,/player/?m=playerinfo&p_no=10368,10368
2018,KIA,1,양현종,18  P,5.84,29,29,0,3,3,0,13,11,0,0,184.1,85,88,86.45,772,199,33,0,21,43,2,1,152,5,0,5,4.15,4.30,4.22,4.22,4.40,1.31,/player/?m=playerinfo&p_no=10058,10058
2018,KIA,2,헥터,18  P,3.58,29,29,0,1,1,0,11,10,0,0,174.0,89,102,102.00,753,209,31,0,25,36,4,2,137,11,1,4,4.60,5.28,5.28,5.36,4.78,1.41,/player/?m=playerinfo&p_no=12509,12509
2018,KIA,3,팻딘,18  P,1.53,36,21,15,3,0,0,6,7,0,2,129.1,90,96,91.40,588,174,29,1,23,27,4,2,101,5,0,3,6.26,6.68,6.36,6.55,5.21,1.55,/player/?m=playerinfo&p_no=12949,12949
2018,KIA,4,임기영,18  P,1.21,29,19,10,0,0,0,8,9,0,2,105.0,73,79,75.40,491,145,24,0,20,34,12,2,68,3,0,2,6.26,6.77,6.46,6.41,6.29,1.70,/player/?m=playerinfo&p_no=10909,10909
2018,롯데,1,레일리,18  P,3.96,30,30,0,0,0,0,11,13,0,0,178.1,94,106,103.75,775,180,34,4,24,54,18,1,178,8,2,4,4.74,5.35,5.24,5.05,4.69,1.31,/player/?m=playerinfo&p_no=11392,11392
2018,롯데,2,노경은,18  P,3.95,33,19,14,5,0,0,9,6,0,0,132.1,60,65,64.65,547,127,24,3,18,30,4,1,89,5,0,1,4.08,4.42,4.40,4.17,5.06,1.19,/player/?m=playerinfo&p_no=10203,10203
2018,롯데,3,듀브론트,18  P,2.92,25,25,0,0,0,0,6,9,0,0,137.1,75,82,81.50,629,162,29,2,13,62,8,1,109,9,3,10,4.92,5.37,5.34,5.14,5.05,1.63,/player/?m=playerinfo&p_no=13067,13067
2018,롯데,4,김원중,18  P,1.11,30,30,0,0,0,0,8,7,0,0,145.1,112,115,112.25,681,173,37,2,28,77,11,1,137,6,0,7,6.94,7.12,6.95,6.81,6.14,1.72,/player/?m=playerinfo&p_no=10825,10825
2018,LG,1,윌슨,18  P,6.89,26,26,0,1,1,1,9,4,0,0,170.0,58,63,61.45,689,158,23,3,11,35,6,1,149,7,1,10,3.07,3.34,3.25,3.40,3.66,1.14,/player/?m=playerinfo&p_no=13062,13062
2018,LG,2,소사,18  P,6.02,27,27,0,1,1,1,9,9,0,0,181.1,71,83,82.00,760,192,44,1,16,28,4,1,181,11,0,6,3.52,4.12,4.07,4.20,3.43,1.21,/player/?m=playerinfo&p_no=10933,10933
2018,LG,3,차우찬,18  P,1.67,29,29,0,1,1,0,12,10,0,0,170.0,115,119,117.95,762,177,36,4,27,79,10,2,136,6,0,10,6.09,6.30,6.24,6.68,5.84,1.51,/player/?m=playerinfo&p_no=10381,10381
2018,LG,4,임찬규,18  P,1.41,29,27,2,1,0,0,11,11,1,0,146.2,94,104,100.60,680,195,32,1,23,47,13,1,125,6,0,6,5.77,6.38,6.17,6.51,5.33,1.65,/player/?m=playerinfo&p_no=10652,10652
2018,LG,5,김대현,18  P,-0.15,25,21,4,0,0,0,2,10,0,0,105.0,88,95,91.60,496,145,25,5,15,48,9,0,64,6,2,7,7.54,8.14,7.85,8.26,6.21,1.84,/player/?m=playerinfo&p_no=12532,12532
2018,두산,1,린드블럼,18  P,5.99,26,26,0,0,0,0,15,4,0,0,168.2,54,56,56.00,681,142,33,2,16,38,8,0,157,4,0,10,2.88,2.99,2.99,3.19,3.99,1.07,/player/?m=playerinfo&p_no=11393,11393
2018,두산,2,이용찬,18  P,4.09,25,24,1,2,1,0,15,3,0,0,144.0,58,62,60.65,608,151,24,1,14,36,8,2,102,4,0,6,3.63,3.88,3.79,3.88,4.68,1.30,/player/?m=playerinfo&p_no=10217,10217
2018,두산,3,후랭코프,18  P,3.99,28,28,0,0,0,0,18,3,0,0,149.1,62,64,62.95,621,118,17,1,12,55,22,1,134,2,0,15,3.74,3.86,3.79,3.96,4.66,1.16,/player/?m=playerinfo&p_no=13058,13058
2018,두산,4,이영하,18  P,0.94,40,17,23,4,0,0,10,3,0,2,122.2,72,75,73.95,555,140,28,5,15,54,9,1,90,2,0,8,5.28,5.50,5.43,5.82,5.56,1.58,/player/?m=playerinfo&p_no=12568,12568
2018,두산,5,유희관,18  P,-0.18,29,28,1,0,0,0,10,10,0,0,141.0,105,108,106.45,650,197,41,3,23,42,4,0,81,7,0,1,6.70,6.89,6.79,7.14,5.86,1.70,/player/?m=playerinfo&p_no=10213,10213
2018,한화,1,샘슨,18  P,3.04,30,29,1,0,0,0,13,8,0,0,161.2,84,91,89.65,703,144,26,1,17,79,5,0,195,8,2,18,4.68,5.07,4.99,5.13,4.19,1.38,/player/?m=playerinfo&p_no=13068,13068
2018,한화,2,휠러,18  P,1.68,19,19,0,0,0,0,3,9,0,0,101.2,58,62,60.65,459,128,16,0,12,34,10,1,94,6,1,2,5.13,5.49,5.37,5.40,4.78,1.59,/player/?m=playerinfo&p_no=13065,13065
2018,한화,3,김재영,18  P,1.64,29,21,8,1,0,0,6,4,0,1,111.1,70,74,67.80,503,136,32,1,15,37,12,0,56,7,0,4,5.66,5.98,5.48,5.45,6.06,1.55,/player/?m=playerinfo&p_no=12547,12547
2018,SK_SSG,1,김광현,18  P,6.22,25,25,0,0,0,0,11,8,0,0,136.0,45,48,46.60,554,125,16,2,16,30,2,0,130,9,0,3,2.98,3.18,3.08,3.04,4.09,1.14,/player/?m=playerinfo&p_no=10126,10126
2018,SK_SSG,2,켈리,18  P,5.23,28,28,0,0,0,0,12,7,0,0,158.1,72,78,77.30,674,152,28,3,18,47,13,1,161,5,2,5,4.09,4.43,4.39,4.22,4.33,1.26,/player/?m=playerinfo&p_no=11368,11368
2018,SK_SSG,3,박종훈,18  P,5.09,30,30,0,0,0,0,14,8,0,0,159.1,74,81,78.10,702,158,31,3,16,54,20,0,133,12,0,3,4.18,4.58,4.41,4.26,4.89,1.33,/player/?m=playerinfo&p_no=10131,10131
2018,SK_SSG,4,문승원,18  P,3.61,31,27,4,3,0,0,8,9,1,1,150.2,77,86,84.30,656,180,33,2,24,37,4,0,122,8,0,4,4.60,5.14,5.04,5.00,5.06,1.44,/player/?m=playerinfo&p_no=10783,10783
2018,SK_SSG,5,산체스,18  P,3.18,29,26,3,0,0,0,8,8,0,1,145.1,79,90,88.45,632,161,21,3,26,39,7,1,124,9,0,12,4.89,5.57,5.48,5.33,5.30,1.38,/player/?m=playerinfo&p_no=13063,13063
2018,넥센_키움,1,브리검,18  P,6.31,31,30,1,2,2,1,11,7,0,1,199.0,85,89,86.80,829,188,28,3,19,50,19,0,175,7,0,4,3.84,4.03,3.93,4.07,4.36,1.20,/player/?m=playerinfo&p_no=12992,12992
2018,넥센_키움,2,최원태,18  P,4.15,23,23,0,1,1,0,13,7,0,0,134.1,59,62,59.45,577,144,28,0,8,35,11,0,101,9,0,3,3.95,4.15,3.98,4.04,4.24,1.33,/player/?m=playerinfo&p_no=11379,11379
2018,넥센_키움,3,한현희,18  P,3.16,30,28,2,0,0,0,11,7,0,0,169.0,90,98,96.95,756,208,42,3,22,49,20,0,105,8,0,6,4.79,5.22,5.16,5.26,5.61,1.52,/player/?m=playerinfo&p_no=10863,10863
2018,넥센_키움,4,신재영,18  P,0.40,26,21,5,2,0,0,8,9,0,1,101.1,76,80,75.40,452,133,27,2,31,23,8,2,53,3,0,0,6.75,7.11,6.70,6.84,7.60,1.54,/player/?m=playerinfo&p_no=11149,11149
2018,NC,1,이재학,18  P,3.46,29,29,0,1,1,0,5,13,0,0,152.1,81,87,81.15,658,157,27,2,13,49,10,2,116,7,0,6,4.79,5.14,4.79,4.78,4.64,1.35,/player/?m=playerinfo&p_no=10220,10220
2018,NC,2,왕웨이중,18  P,3.00,25,25,0,0,0,0,7,10,0,0,141.2,67,83,79.40,615,169,25,1,16,40,2,2,108,13,0,2,4.26,5.27,5.04,5.12,4.68,1.48,/player/?m=playerinfo&p_no=12783,12783
2018,NC,3,베렛,18  P,2.83,29,29,0,0,0,0,6,10,0,0,155.0,91,94,92.10,698,178,31,2,24,59,9,0,144,5,1,10,5.28,5.46,5.35,5.33,5.23,1.53,/player/?m=playerinfo&p_no=13066,13066
2018,NC,4,구창모,18  P,2.07,36,23,13,0,0,0,5,11,0,1,133.0,79,83,82.10,598,158,31,2,21,52,7,0,116,8,1,16,5.35,5.62,5.56,5.60,5.42,1.58,/player/?m=playerinfo&p_no=11353,11353
2018,KT,1,니퍼트,18  P,5.29,29,28,1,0,0,0,8,8,0,0,175.2,83,88,86.80,765,209,33,4,26,39,9,2,165,7,0,9,4.25,4.51,4.45,4.33,4.59,1.41,/player/?m=playerinfo&p_no=10641,10641
2018,KT,2,피어밴드,18  P,4.22,27,26,1,1,1,0,8,8,0,0,163.1,78,90,89.65,707,186,27,1,24,38,6,0,141,4,0,5,4.30,4.96,4.94,4.87,4.70,1.37,/player/?m=playerinfo&p_no=11380,11380
2018,KT,3,고영표,18  P,2.70,25,23,2,3,3,1,6,9,0,0,142.0,81,91,87.00,620,175,27,4,17,25,14,1,134,4,1,2,5.13,5.77,5.51,5.41,4.26,1.41,/player/?m=playerinfo&p_no=11308,11308
2018,KT,4,금민철,18  P,2.69,29,29,0,0,0,0,8,12,0,0,156.1,94,104,100.55,720,212,30,1,19,68,7,1,79,7,0,10,5.41,5.99,5.79,5.73,6.00,1.79,/player/?m=playerinfo&p_no=10425,10425
2019,삼성,1,백정현,19  P,2.99,28,27,1,1,1,1,8,10,0,0,157.0,74,85,81.55,677,158,29,4,17,56,6,0,82,12,0,4,4.24,4.87,4.67,4.42,5.02,1.36,/player/?m=playerinfo&p_no=10363,10363
2019,삼성,2,윤성환,19  P,2.15,27,27,0,1,1,1,8,13,0,0,145.1,77,87,81.65,643,168,34,3,14,50,7,0,65,7,0,3,4.77,5.39,5.06,4.80,5.05,1.50,/player/?m=playerinfo&p_no=10368,10368
2019,삼성,3,맥과이어,19  P,1.56,21,21,0,1,1,1,4,8,0,0,112.1,63,68,64.90,512,119,24,3,13,66,6,0,100,6,2,3,5.05,5.45,5.20,4.90,4.84,1.65,/player/?m=playerinfo&p_no=13936,13936
2019,삼성,4,원태인,19  P,1.42,26,20,6,3,0,0,4,8,0,2,112.0,60,65,63.10,493,119,26,3,12,39,5,0,68,6,2,6,4.82,5.22,5.07,4.87,4.78,1.41,/player/?m=playerinfo&p_no=14113,14113
2019,삼성,5,최채흥,19  P,0.70,28,15,13,3,0,0,6,6,0,2,106.2,57,67,67.50,478,127,21,5,10,36,1,1,89,8,0,6,4.81,5.65,5.70,5.43,3.89,1.53,/player/?m=playerinfo&p_no=13156,13156
2019,KIA,1,양현종,19  P,8.18,29,29,0,2,2,2,16,8,0,0,184.2,47,56,54.95,731,165,32,1,6,33,2,0,163,6,0,1,2.29,2.73,2.68,2.64,2.58,1.07,/player/?m=playerinfo&p_no=10058,10058
2019,KIA,2,윌랜드,19  P,3.02,28,28,0,0,0,0,8,10,0,0,165.0,87,95,91.55,726,191,41,1,17,59,5,1,137,9,0,4,4.75,5.18,4.99,4.95,4.14,1.52,/player/?m=playerinfo&p_no=13924,13924
2019,KIA,3,터너,19  P,0.73,28,28,0,1,1,0,7,13,0,0,153.1,93,107,104.95,714,179,34,3,12,58,17,0,121,20,0,14,5.46,6.28,6.16,6.24,4.28,1.55,/player/?m=playerinfo&p_no=13925,13925
2019,롯데,1,레일리,19  P,5.16,30,30,0,0,0,0,5,14,0,0,181.0,78,88,83.20,791,191,32,4,10,65,8,1,140,12,1,10,3.88,4.38,4.14,3.98,3.78,1.41,/player/?m=playerinfo&p_no=11392,11392
2019,롯데,2,장시환,19  P,2.27,27,27,0,0,0,0,6,13,0,0,125.1,69,78,71.95,570,147,29,1,12,58,2,1,109,9,0,17,4.95,5.60,5.17,5.09,4.23,1.64,/player/?m=playerinfo&p_no=10453,10453
2019,롯데,3,김원중,19  P,0.63,28,17,11,5,0,0,5,10,0,1,102.1,64,75,71.40,485,127,21,1,13,47,6,1,93,8,0,6,5.63,6.60,6.28,6.13,4.65,1.70,/player/?m=playerinfo&p_no=10825,10825
2019,LG,1,켈리,19  P,4.03,29,29,0,0,0,0,14,12,0,0,180.1,51,70,70.00,747,164,33,3,7,41,16,0,126,8,0,12,2.55,3.49,3.49,3.82,3.50,1.14,/player/?m=playerinfo&p_no=13934,13934
2019,LG,2,윌슨,19  P,3.70,30,30,0,1,1,0,14,7,0,0,185.0,60,77,74.25,763,171,27,2,7,44,10,1,137,14,0,6,2.92,3.75,3.61,3.93,3.23,1.16,/player/?m=playerinfo&p_no=13062,13062
2019,LG,3,차우찬,19  P,1.84,29,28,1,0,0,0,13,8,0,0,168.1,77,87,85.80,730,181,30,1,16,59,5,0,124,6,0,13,4.12,4.65,4.59,4.89,4.28,1.43,/player/?m=playerinfo&p_no=10381,10381
2019,두산,1,린드블럼,19  P,6.32,30,30,0,0,0,0,20,3,0,0,194.2,54,57,55.95,773,165,22,3,13,29,6,0,189,9,0,7,2.50,2.64,2.59,2.83,2.73,1.00,/player/?m=playerinfo&p_no=11393,11393
2019,두산,2,이영하,19  P,3.57,29,27,2,3,1,0,17,4,0,0,163.1,66,70,65.55,692,148,28,5,5,61,10,1,90,7,2,4,3.64,3.86,3.61,3.74,4.12,1.28,/player/?m=playerinfo&p_no=12568,12568
2019,두산,3,유희관,19  P,3.55,28,27,1,2,2,0,11,8,0,0,166.1,60,67,64.60,692,171,37,2,8,42,3,3,64,7,0,2,3.25,3.63,3.50,3.75,4.26,1.28,/player/?m=playerinfo&p_no=10213,10213
2019,두산,4,후랭코프,19  P,2.44,22,22,0,0,0,0,9,8,0,0,117.1,47,48,46.95,495,110,20,2,5,30,13,1,111,4,1,2,3.61,3.68,3.60,3.89,3.09,1.19,/player/?m=playerinfo&p_no=13058,13058
2019,두산,5,이용찬,19  P,1.72,26,26,0,0,0,0,7,10,0,0,148.1,67,75,70.90,651,168,28,2,15,45,6,3,102,8,0,3,4.07,4.55,4.30,4.56,4.34,1.44,/player/?m=playerinfo&p_no=10217,10217
2019,한화,1,채드벨,19  P,5.06,29,29,0,0,0,0,11,10,0,0,177.1,69,73,71.60,749,169,33,2,14,63,10,0,134,8,1,8,3.50,3.70,3.63,3.73,4.14,1.31,/player/?m=playerinfo&p_no=13939,13939
2019,한화,2,서폴드,19  P,4.98,31,31,0,0,0,0,12,11,0,0,192.1,75,84,82.45,810,191,28,4,8,54,8,1,135,8,0,8,3.51,3.93,3.86,3.94,3.53,1.27,/player/?m=playerinfo&p_no=13938,13938
2019,한화,3,장민재,19  P,1.21,26,22,4,3,1,0,6,8,0,0,119.1,72,76,73.05,526,150,25,1,14,27,6,0,103,5,0,3,5.43,5.73,5.51,5.50,3.91,1.48,/player/?m=playerinfo&p_no=10610,10610
2019,한화,4,김범수,19  P,0.47,45,16,29,2,0,0,5,9,1,1,103.0,65,70,67.95,485,115,19,3,15,61,10,1,85,4,0,9,5.68,6.12,5.94,6.04,5.62,1.71,/player/?m=playerinfo&p_no=11411,11411
2019,SK_SSG,1,김광현,19  P,7.30,31,30,1,1,0,0,17,6,0,0,190.1,53,64,62.45,786,198,17,0,13,38,2,1,180,11,0,8,2.51,3.03,2.95,2.91,2.91,1.24,/player/?m=playerinfo&p_no=10126,10126
2019,SK_SSG,2,산체스,19  P,6.64,28,28,0,0,0,0,17,5,0,0,165.0,48,51,49.10,671,151,18,2,2,42,2,0,148,4,2,11,2.62,2.78,2.68,2.77,2.54,1.17,/player/?m=playerinfo&p_no=13063,13063
2019,SK_SSG,3,문승원,19  P,4.16,26,23,3,0,0,0,11,7,0,2,144.0,62,63,63.00,586,130,13,5,23,33,3,1,99,5,0,0,3.88,3.94,3.94,3.66,4.77,1.13,/player/?m=playerinfo&p_no=10783,10783
2019,SK_SSG,4,박종훈,19  P,3.51,28,28,0,0,0,0,8,11,0,0,144.0,62,72,68.05,643,157,29,0,12,59,13,0,100,6,0,1,3.88,4.50,4.25,4.08,4.62,1.50,/player/?m=playerinfo&p_no=10131,10131
2019,넥센_키움,1,요키시,19  P,5.12,30,30,0,1,1,1,13,9,0,0,181.1,63,72,71.50,746,166,33,5,9,39,11,0,141,6,0,6,3.13,3.57,3.55,3.66,3.31,1.13,/player/?m=playerinfo&p_no=13940,13940
2019,넥센_키움,2,브리검,19  P,4.72,28,28,0,0,0,0,13,5,0,0,158.1,52,62,60.80,669,148,32,2,5,46,12,0,130,8,1,7,2.96,3.52,3.46,3.55,3.27,1.23,/player/?m=playerinfo&p_no=12992,12992
2019,넥센_키움,3,최원태,19  P,4.23,27,27,0,0,0,0,11,5,0,0,157.1,59,68,65.80,666,165,28,2,5,36,5,0,105,13,0,5,3.38,3.89,3.76,3.82,3.33,1.28,/player/?m=playerinfo&p_no=11379,11379
2019,넥센_키움,4,이승호,19  P,1.88,23,23,0,1,1,1,8,5,0,0,122.2,61,70,67.10,533,134,27,3,10,51,1,0,82,5,3,5,4.48,5.14,4.92,5.01,4.42,1.51,/player/?m=playerinfo&p_no=12865,12865
2019,NC,1,루친스키,19  P,5.55,30,30,0,2,2,0,9,9,0,0,177.1,60,68,65.25,731,164,20,1,13,45,11,0,119,9,0,7,3.05,3.45,3.31,3.23,3.98,1.18,/player/?m=playerinfo&p_no=13932,13932
2019,NC,2,박진우,19  P,4.17,41,18,23,0,0,0,9,7,0,5,140.2,49,53,52.65,590,137,18,0,9,29,19,0,92,5,0,2,3.14,3.39,3.37,3.29,3.99,1.18,/player/?m=playerinfo&p_no=11358,11358
2019,NC,3,구창모,19  P,3.30,23,19,4,2,0,0,10,7,0,1,107.0,38,40,38.65,449,85,15,2,10,41,6,0,114,4,0,7,3.20,3.36,3.25,3.23,3.62,1.18,/player/?m=playerinfo&p_no=11353,11353
2019,NC,4,이재학,19  P,2.75,24,23,1,0,0,0,10,4,0,0,129.2,54,62,59.95,560,133,24,2,6,43,9,0,91,7,0,6,3.75,4.30,4.16,3.97,3.85,1.36,/player/?m=playerinfo&p_no=10220,10220
2019,KT,1,쿠에바스,19  P,3.30,30,30,0,0,0,0,13,10,0,0,184.0,74,80,78.65,760,153,21,6,18,63,12,0,135,9,0,4,3.62,3.91,3.85,3.89,4.40,1.17,/player/?m=playerinfo&p_no=13942,13942
2019,KT,2,알칸타라,19  P,2.98,27,27,0,1,1,0,11,11,0,0,172.2,77,80,75.55,724,189,39,3,15,27,8,0,100,7,2,2,4.01,4.17,3.94,3.99,4.02,1.25,/player/?m=playerinfo&p_no=13941,13941
2019,KT,3,배제성,19  P,2.11,28,21,7,4,1,1,10,10,0,0,131.2,55,58,58.55,564,132,18,3,6,56,3,0,91,4,0,10,3.76,3.96,4.00,4.04,4.01,1.43,/player/?m=playerinfo&p_no=11394,11394
2019,KT,4,김민,19  P,0.85,27,26,1,0,0,0,6,12,0,0,150.2,83,88,85.60,674,175,26,4,16,65,4,0,91,4,2,4,4.96,5.26,5.11,5.06,4.98,1.59,/player/?m=playerinfo&p_no=13167,13167
2020,삼성,1,뷰캐넌,20  P,5.71,27,27,0,1,1,0,15,7,0,0,174.2,67,71,69.45,728,172,19,2,16,50,7,0,121,12,0,2,3.45,3.66,3.58,3.30,4.36,1.27,/player/?m=playerinfo&p_no=14617,14617
2020,삼성,2,최채흥,20  P,4.22,26,26,0,1,1,1,11,6,0,0,146.0,58,67,64.75,617,131,27,1,12,51,7,0,123,9,3,3,3.58,4.13,3.99,3.75,4.10,1.25,/player/?m=playerinfo&p_no=13156,13156
2020,삼성,3,라이블리,20  P,2.98,21,21,0,0,0,0,6,7,0,0,112.0,53,54,54.00,478,98,16,1,11,39,12,0,95,7,0,2,4.26,4.34,4.34,4.19,4.45,1.22,/player/?m=playerinfo&p_no=14232,14232
2020,삼성,4,원태인,20  P,2.44,27,26,1,1,0,0,6,10,0,0,140.0,76,84,81.95,626,162,32,1,19,56,5,2,78,7,0,6,4.89,5.40,5.27,4.90,5.55,1.56,/player/?m=playerinfo&p_no=14113,14113
2020,KIA,1,브룩스,20  P,7.93,23,23,0,1,1,1,11,4,0,0,151.1,42,43,42.15,586,131,18,0,4,24,3,0,130,8,1,3,2.50,2.56,2.51,2.56,2.72,1.02,/player/?m=playerinfo&p_no=14610,14610
2020,KIA,2,양현종,20  P,4.87,31,31,0,0,0,0,11,10,0,0,172.1,90,99,92.85,746,180,40,4,13,64,5,0,149,6,0,7,4.70,5.17,4.85,4.74,3.97,1.42,/player/?m=playerinfo&p_no=10058,10058
2020,KIA,3,가뇽,20  P,4.68,28,28,0,0,0,0,11,8,0,0,159.2,77,86,82.60,702,162,33,8,7,64,9,0,141,9,0,13,4.34,4.85,4.66,4.61,3.73,1.42,/player/?m=playerinfo&p_no=14609,14609
2020,KIA,4,임기영,20  P,2.99,25,25,0,0,0,0,9,10,0,0,127.2,73,80,74.15,559,152,26,3,12,33,9,0,106,3,1,3,5.15,5.64,5.23,5.10,4.06,1.45,/player/?m=playerinfo&p_no=10909,10909
2020,KIA,5,이민우,20  P,0.61,22,22,0,0,0,0,6,10,0,0,106.0,80,87,84.60,486,129,20,4,11,47,6,0,67,8,0,4,6.79,7.39,7.18,7.33,5.20,1.66,/player/?m=playerinfo&p_no=13003,13003
2020,롯데,1,스트레일리,20  P,8.18,31,31,0,0,0,0,15,4,0,0,194.2,54,61,60.30,777,148,27,2,10,51,7,0,205,7,0,4,2.50,2.82,2.79,2.65,2.90,1.02,/player/?m=playerinfo&p_no=14627,14627
2020,롯데,2,박세웅,20  P,2.74,28,28,0,0,0,0,8,10,0,0,147.1,77,85,84.30,658,177,27,2,20,47,8,0,108,8,0,13,4.70,5.19,5.15,5.03,4.94,1.52,/player/?m=playerinfo&p_no=11310,11310
2020,롯데,3,노경은,20  P,2.74,25,24,1,1,1,0,5,10,0,0,133.0,72,76,73.40,574,139,31,1,19,40,3,2,77,6,0,3,4.87,5.14,4.97,4.77,5.20,1.35,/player/?m=playerinfo&p_no=10203,10203
2020,롯데,4,샘슨,20  P,1.69,25,25,0,0,0,0,9,12,0,0,130.0,78,87,81.50,590,167,25,1,14,36,6,0,87,7,2,8,5.40,6.02,5.64,5.42,4.61,1.56,/player/?m=playerinfo&p_no=14626,14626
2020,롯데,5,서준원,20  P,1.31,31,20,11,1,0,0,7,6,0,0,107.2,62,71,68.30,480,130,18,0,16,31,5,1,60,9,0,3,5.18,5.93,5.71,5.47,5.38,1.50,/player/?m=playerinfo&p_no=14159,14159
2020,LG,1,켈리,20  P,5.57,28,28,0,1,1,1,15,7,0,0,173.1,64,67,67.00,705,160,29,1,16,40,11,0,134,5,0,4,3.32,3.48,3.48,3.73,4.07,1.15,/player/?m=playerinfo&p_no=13934,13934
2020,LG,2,정찬헌,20  P,3.07,19,19,0,1,1,1,7,4,0,0,110.1,43,51,48.05,470,116,22,1,10,31,4,0,85,4,0,5,3.51,4.16,3.92,4.00,4.13,1.33,/player/?m=playerinfo&p_no=10533,10533
2020,LG,3,임찬규,20  P,2.83,27,26,1,0,0,0,10,9,0,0,147.2,67,76,73.95,641,143,29,2,14,65,5,0,138,5,0,4,4.08,4.63,4.51,4.83,4.26,1.41,/player/?m=playerinfo&p_no=10652,10652
2020,LG,4,윌슨,20  P,2.74,25,25,0,0,0,0,10,8,0,0,144.2,71,81,78.95,628,161,23,2,13,39,8,0,109,7,1,3,4.42,5.04,4.91,5.16,4.19,1.38,/player/?m=playerinfo&p_no=13062,13062
2020,두산,1,알칸타라,20  P,8.98,31,31,0,1,1,0,20,2,0,0,198.2,56,58,57.30,795,174,38,3,12,30,9,0,182,4,1,3,2.54,2.63,2.60,2.84,3.03,1.03,/player/?m=playerinfo&p_no=13941,13941
2020,두산,2,플렉센,20  P,3.94,21,21,0,0,0,0,8,4,0,0,116.2,39,43,43.00,472,97,14,0,6,30,2,2,132,3,0,5,3.01,3.32,3.32,3.73,2.58,1.09,/player/?m=playerinfo&p_no=14575,14575
2020,두산,3,최원준,20  P,3.46,42,18,24,3,0,0,10,2,0,0,123.0,52,52,54.55,532,134,23,3,15,35,7,0,94,4,1,2,3.80,3.80,3.99,4.10,4.59,1.37,/player/?m=playerinfo&p_no=12852,12852
2020,두산,4,이영하,20  P,2.39,42,19,23,20,0,0,5,11,6,0,132.0,68,78,78.00,605,148,26,1,9,66,5,3,85,7,1,4,4.64,5.32,5.32,5.45,4.82,1.62,/player/?m=playerinfo&p_no=12568,12568
2020,두산,5,유희관,20  P,1.38,27,27,0,0,0,0,10,11,0,0,136.1,76,91,87.05,622,190,37,5,14,39,3,4,56,8,0,1,5.02,6.01,5.75,6.05,5.15,1.68,/player/?m=playerinfo&p_no=10213,10213
2020,한화,1,김민우,20  P,3.11,26,25,1,0,0,0,5,10,0,0,132.2,64,72,69.60,593,121,16,1,15,72,7,3,124,10,2,10,4.34,4.88,4.72,4.68,4.83,1.45,/player/?m=playerinfo&p_no=11410,11410
2020,한화,2,서폴드,20  P,2.19,28,28,0,1,1,1,10,13,0,0,165.0,90,107,102.70,734,203,30,3,19,42,13,0,97,11,0,10,4.91,5.84,5.60,5.75,4.93,1.48,/player/?m=playerinfo&p_no=13938,13938
2020,한화,3,장시환,20  P,2.05,26,26,0,0,0,0,4,14,0,0,132.2,74,81,80.30,603,139,27,1,15,74,8,0,115,6,0,10,5.02,5.49,5.45,5.56,5.09,1.61,/player/?m=playerinfo&p_no=10453,10453
2020,SK_SSG,1,문승원,20  P,4.23,25,25,0,1,1,0,6,8,0,0,145.2,59,64,63.00,610,136,29,0,13,45,6,0,117,8,0,2,3.65,3.95,3.89,3.88,4.13,1.24,/player/?m=playerinfo&p_no=10783,10783
2020,SK_SSG,2,박종훈,20  P,3.11,29,28,1,0,0,0,13,11,0,0,157.1,84,90,86.05,691,146,21,3,14,78,22,1,134,7,0,5,4.81,5.15,4.92,4.79,4.90,1.42,/player/?m=playerinfo&p_no=10131,10131
2020,SK_SSG,3,이건욱,20  P,1.84,27,25,2,0,0,0,6,12,0,0,122.0,77,77,74.40,542,105,16,4,11,81,6,0,91,2,1,6,5.68,5.68,5.49,5.41,5.41,1.52,/player/?m=playerinfo&p_no=11242,11242
2020,SK_SSG,4,핀토,20  P,1.15,30,30,0,0,0,0,6,15,0,0,162.0,111,121,118.05,766,198,35,1,19,90,11,3,112,7,2,11,6.17,6.72,6.56,6.47,5.58,1.78,/player/?m=playerinfo&p_no=14583,14583
2020,넥센_키움,1,요키시,20  P,6.08,27,27,0,0,0,0,12,7,0,0,159.2,38,53,50.45,640,144,26,3,6,25,6,0,115,15,1,3,2.14,2.99,2.84,3.00,3.24,1.06,/player/?m=playerinfo&p_no=13940,13940
2020,넥센_키움,2,브리검,20  P,3.16,21,21,0,0,0,0,9,5,0,0,107.0,43,45,41.90,456,98,7,2,6,42,5,1,105,2,0,8,3.62,3.79,3.52,3.69,3.57,1.31,/player/?m=playerinfo&p_no=12992,12992
2020,넥센_키움,3,한현희,20  P,2.33,25,25,0,0,0,0,7,9,0,0,135.2,75,77,71.35,587,141,20,1,10,37,14,2,109,6,2,3,4.98,5.11,4.73,4.86,4.01,1.31,/player/?m=playerinfo&p_no=10863,10863
2020,넥센_키움,4,이승호,20  P,2.10,24,23,1,0,0,0,6,6,0,0,118.2,67,71,64.30,517,132,20,1,15,40,5,0,73,4,1,3,5.08,5.38,4.88,5.06,5.14,1.45,/player/?m=playerinfo&p_no=12865,12865
2020,넥센_키움,5,최원태,20  P,1.49,21,21,0,0,0,0,7,6,0,0,110.0,62,68,64.05,478,115,16,1,16,37,7,2,67,4,0,6,5.07,5.56,5.24,5.42,5.42,1.38,/player/?m=playerinfo&p_no=11379,11379
2020,NC,1,루친스키,20  P,6.87,30,30,0,0,0,0,19,5,0,0,183.0,62,67,63.20,770,173,12,3,14,57,11,0,167,11,0,11,3.05,3.30,3.11,3.03,3.78,1.26,/player/?m=playerinfo&p_no=13932,13932
2020,NC,2,라이트,20  P,3.37,29,29,0,0,0,0,11,9,0,0,157.2,82,87,82.05,696,164,27,2,12,63,10,0,125,7,2,5,4.68,4.97,4.68,4.60,4.35,1.44,/player/?m=playerinfo&p_no=14596,14596
2020,KT,1,데스파이네,20  P,4.12,35,34,1,0,0,0,15,8,0,0,207.2,100,105,104.45,906,233,36,1,18,68,8,1,152,7,0,18,4.33,4.55,4.53,4.40,4.33,1.45,/player/?m=playerinfo&p_no=14602,14602
2020,KT,2,쿠에바스,20  P,3.49,27,27,0,0,0,0,10,8,0,0,158.0,72,80,77.45,668,152,26,1,16,46,9,0,110,8,0,4,4.10,4.56,4.41,4.38,4.54,1.25,/player/?m=playerinfo&p_no=13942,13942
2020,KT,3,배제성,20  P,3.43,26,26,0,0,0,0,10,7,0,0,141.1,62,67,65.45,619,130,30,1,12,76,4,0,83,8,1,11,3.95,4.27,4.17,4.14,5.29,1.46,/player/?m=playerinfo&p_no=11394,11394
2020,KT,4,소형준,20  P,3.24,26,24,2,0,0,0,13,6,0,0,133.0,57,63,61.60,572,141,23,0,6,45,6,0,92,5,0,2,3.86,4.26,4.17,4.12,3.99,1.40,/player/?m=playerinfo&p_no=14600,14600
2020,KT,5,김민수,20  P,-0.22,33,18,15,3,0,0,3,8,0,0,103.1,70,80,83.40,482,151,22,1,14,30,4,0,63,8,0,6,6.10,6.97,7.26,7.36,5.10,1.75,/player/?m=playerinfo&p_no=11317,11317
2021,삼성,1,백정현,21  P,6.15,27,27,0,0,0,0,14,5,0,0,157.2,46,54,53.30,648,142,25,1,15,54,2,2,109,6,0,5,2.63,3.08,3.04,2.98,4.23,1.24,/player/?m=playerinfo&p_no=10363,10363
2021,삼성,2,원태인,21  P,6.03,26,26,0,0,0,0,14,7,0,0,158.2,54,59,57.80,655,147,32,1,11,51,5,1,129,4,1,5,3.06,3.35,3.28,3.11,3.65,1.25,/player/?m=playerinfo&p_no=14113,14113
2021,삼성,3,뷰캐넌,21  P,5.69,30,30,0,1,1,1,16,5,0,0,177.0,61,71,69.80,758,173,25,4,13,59,2,2,162,11,0,7,3.10,3.61,3.55,3.55,3.39,1.31,/player/?m=playerinfo&p_no=14617,14617
2021,삼성,4,최채흥,21  P,2.51,26,20,6,2,1,0,5,9,0,2,122.1,62,66,64.10,538,143,21,2,16,37,2,1,82,4,1,4,4.56,4.86,4.72,4.63,4.61,1.47,/player/?m=playerinfo&p_no=13156,13156
2021,KIA,1,멩덴,21  P,3.48,21,21,0,0,0,0,8,3,0,0,120.0,48,53,51.95,502,109,18,2,12,35,8,0,104,7,3,2,3.60,3.97,3.90,3.95,3.90,1.20,/player/?m=playerinfo&p_no=14755,14755
2021,KIA,2,임기영,21  P,3.27,28,28,0,0,0,0,8,8,0,0,153.0,83,85,78.95,662,155,29,1,15,45,11,0,129,7,2,6,4.88,5.00,4.64,4.54,3.96,1.31,/player/?m=playerinfo&p_no=10909,10909
2021,롯데,1,박세웅,21  P,5.23,28,28,0,1,1,1,10,9,0,0,163.0,72,75,72.40,685,141,24,0,20,53,10,0,125,7,0,17,3.98,4.14,4.00,3.80,4.51,1.19,/player/?m=playerinfo&p_no=11310,11310
2021,롯데,2,스트레일리,21  P,4.37,31,31,0,0,0,0,10,12,0,0,165.2,75,85,81.60,714,162,25,2,12,67,7,0,164,8,1,8,4.07,4.62,4.43,4.24,3.54,1.38,/player/?m=playerinfo&p_no=14627,14627
2021,롯데,3,프랑코,21  P,2.10,37,27,10,1,0,0,9,8,0,1,150.0,90,97,95.95,677,147,31,2,20,75,20,0,124,6,1,6,5.40,5.82,5.76,5.37,5.25,1.48,/player/?m=playerinfo&p_no=14756,14756
2021,LG,1,켈리,21  P,5.63,30,30,0,0,0,0,13,8,0,0,177.0,62,64,63.15,744,160,25,0,12,60,11,3,142,7,1,7,3.15,3.25,3.21,3.38,3.76,1.24,/player/?m=playerinfo&p_no=13934,13934
2021,LG,2,수아레즈,21  P,4.52,23,22,1,0,0,0,10,2,0,0,115.1,28,33,33.00,473,91,16,2,4,41,4,0,126,6,0,2,2.18,2.58,2.58,2.75,2.66,1.14,/player/?m=playerinfo&p_no=14753,14753
2021,LG,3,이민호,21  P,2.13,25,22,3,0,0,0,8,9,0,0,115.0,55,58,54.75,477,89,17,0,13,45,14,1,100,3,0,6,4.30,4.54,4.28,4.52,4.53,1.17,/player/?m=playerinfo&p_no=14589,14589
2021,두산,1,미란다,21  P,7.49,28,28,0,1,1,1,14,5,0,0,173.2,45,49,48.30,709,135,21,1,11,63,1,0,225,3,1,7,2.33,2.54,2.50,2.73,2.42,1.14,/player/?m=playerinfo&p_no=14751,14751
2021,두산,2,최원준,21  P,4.88,29,29,0,0,0,0,12,4,0,0,158.1,58,65,62.25,673,160,31,4,15,37,10,1,113,5,0,0,3.30,3.69,3.54,3.75,4.01,1.24,/player/?m=playerinfo&p_no=12852,12852
2021,두산,3,로켓,21  P,4.49,21,21,0,1,1,0,9,9,0,0,124.0,41,44,42.80,540,132,20,2,5,42,12,1,112,3,1,1,2.98,3.19,3.11,3.35,3.34,1.40,/player/?m=playerinfo&p_no=14750,14750
2021,한화,1,킹험,21  P,4.20,25,25,0,0,0,0,10,8,0,0,144.0,51,58,57.50,591,117,22,0,11,41,5,1,131,10,2,4,3.19,3.63,3.59,3.62,3.39,1.10,/player/?m=playerinfo&p_no=14582,14582
2021,한화,2,김민우,21  P,3.90,29,28,1,0,0,0,14,10,0,0,155.1,69,71,66.20,662,131,23,1,15,76,7,1,125,5,1,5,4.00,4.11,3.84,3.93,4.56,1.33,/player/?m=playerinfo&p_no=11410,11410
2021,한화,3,카펜터,21  P,2.79,31,30,1,0,0,0,5,12,0,0,170.0,75,90,87.75,746,150,21,3,16,72,19,0,179,16,1,7,3.97,4.76,4.65,4.78,3.91,1.31,/player/?m=playerinfo&p_no=14760,14760
2021,SK_SSG,1,폰트,21  P,4.09,25,25,0,0,0,0,8,5,0,0,145.2,56,66,66.00,604,114,22,1,12,45,6,1,157,11,1,2,3.46,4.08,4.08,3.96,3.12,1.09,/player/?m=playerinfo&p_no=14759,14759
2021,SK_SSG,2,이태양,21  P,0.74,40,14,26,3,0,0,5,10,0,4,103.2,66,66,68.25,456,123,23,1,25,32,1,1,62,3,0,2,5.73,5.73,5.93,5.70,6.10,1.50,/player/?m=playerinfo&p_no=10609,10609
2021,SK_SSG,3,오원석,21  P,-0.06,33,21,12,2,0,0,7,6,0,2,110.0,72,84,84.35,530,125,20,3,11,73,10,1,95,8,1,2,5.89,6.87,6.90,6.91,5.14,1.80,/player/?m=playerinfo&p_no=14581,14581
2021,넥센_키움,1,요키시,21  P,5.58,31,31,0,0,0,0,16,9,0,0,181.1,59,71,69.45,739,171,24,0,12,46,4,2,131,18,0,9,2.93,3.52,3.45,3.48,3.59,1.20,/player/?m=playerinfo&p_no=13940,13940
2021,넥센_키움,2,안우진,21  P,2.73,21,21,0,0,0,0,8,8,0,0,107.2,39,47,46.15,450,88,15,1,13,41,7,1,110,7,1,5,3.26,3.93,3.86,3.98,4.00,1.20,/player/?m=playerinfo&p_no=13091,13091
2021,넥센_키움,3,최원태,21  P,1.51,28,28,0,0,0,0,9,11,0,0,143.1,73,89,84.75,643,163,21,3,11,53,10,2,93,10,0,3,4.58,5.59,5.32,5.55,4.38,1.51,/player/?m=playerinfo&p_no=11379,11379
2021,NC,1,루친스키,21  P,5.79,30,30,0,0,0,0,15,10,0,0,178.2,63,76,73.95,754,160,24,1,12,55,10,0,177,17,2,6,3.17,3.83,3.73,3.64,3.22,1.20,/player/?m=playerinfo&p_no=13932,13932
2021,NC,2,파슨스,21  P,4.39,24,24,0,1,1,0,4,8,0,0,133.0,55,56,54.80,577,109,16,2,9,63,11,0,148,7,1,10,3.72,3.79,3.71,3.56,3.51,1.29,/player/?m=playerinfo&p_no=14749,14749
2021,NC,3,신민혁,21  P,3.51,30,25,5,2,0,0,9,6,0,0,145.0,71,75,72.80,625,155,28,3,17,44,5,0,107,4,2,2,4.41,4.66,4.52,4.46,4.36,1.37,/player/?m=playerinfo&p_no=13085,13085
2021,NC,4,송명기,21  P,1.48,24,24,0,0,0,0,8,9,0,0,123.1,81,83,77.65,574,147,39,2,12,58,9,1,102,3,1,2,5.91,6.06,5.67,5.61,4.52,1.66,/player/?m=playerinfo&p_no=14155,14155
2021,KT,1,고영표,21  P,5.65,26,25,1,1,1,1,11,6,0,1,166.2,54,59,58.65,664,147,20,2,9,27,14,1,130,5,0,1,2.92,3.19,3.17,3.15,3.22,1.04,/player/?m=playerinfo&p_no=11308,11308
2021,KT,2,데스파이네,21  P,5.24,33,33,0,0,0,0,13,10,0,0,188.2,71,81,79.80,819,175,30,3,10,78,7,0,165,11,0,15,3.39,3.86,3.81,3.68,3.61,1.34,/player/?m=playerinfo&p_no=14602,14602
2021,KT,3,배제성,21  P,3.55,26,26,0,0,0,0,9,10,0,0,141.2,58,67,64.10,621,126,27,1,6,82,1,1,136,12,0,9,3.68,4.26,4.07,4.02,3.69,1.47,/player/?m=playerinfo&p_no=11394,11394
2021,KT,4,쿠에바스,21  P,2.52,23,23,0,1,1,1,9,5,0,0,133.1,61,68,67.50,580,131,21,3,11,51,3,0,137,10,0,6,4.12,4.59,4.56,4.55,3.44,1.37,/player/?m=playerinfo&p_no=13942,13942
2021,KT,5,소형준,21  P,2.10,24,24,0,0,0,0,7,7,0,0,119.0,55,67,63.15,521,123,17,0,6,51,4,1,85,11,0,5,4.16,5.07,4.78,4.69,4.01,1.46,/player/?m=playerinfo&p_no=14600,14600
2022,삼성,1,수아레즈,22  P,6.65,30,29,1,0,0,0,6,8,0,0,173.2,48,61,59.80,714,151,19,0,7,50,4,0,159,16,0,6,2.49,3.16,3.10,3.09,2.94,1.16,/player/?m=playerinfo&p_no=15001,15001
2022,삼성,2,뷰캐넌,22  P,5.75,26,26,0,1,1,1,11,8,0,0,160.0,54,61,60.30,691,176,29,2,10,39,8,0,117,6,0,2,3.04,3.43,3.39,3.22,3.61,1.34,/player/?m=playerinfo&p_no=14617,14617
2022,삼성,3,원태인,22  P,4.67,27,27,0,0,0,0,10,8,0,0,165.1,72,75,73.30,700,175,25,1,16,38,4,3,130,8,0,3,3.92,4.08,3.99,3.86,3.72,1.29,/player/?m=playerinfo&p_no=14113,14113
2022,삼성,4,백정현,22  P,1.75,24,24,0,0,0,0,4,13,0,0,124.2,73,76,73.75,562,154,27,2,22,37,9,1,70,9,0,9,5.27,5.49,5.32,5.20,5.62,1.53,/player/?m=playerinfo&p_no=10363,10363
2022,KIA,1,놀린,22  P,4.31,21,21,0,0,0,0,8,8,0,0,124.0,34,41,40.00,512,115,19,2,7,24,8,1,108,9,1,4,2.47,2.98,2.90,2.96,3.05,1.12,/player/?m=playerinfo&p_no=14998,14998
2022,KIA,2,양현종,22  P,3.07,30,30,0,0,0,0,12,7,0,0,175.1,75,86,85.15,743,170,33,3,14,50,3,1,141,11,0,3,3.85,4.41,4.37,4.44,3.66,1.25,/player/?m=playerinfo&p_no=10058,10058
2022,KIA,3,임기영,22  P,2.51,26,23,3,1,0,0,4,13,1,0,129.1,61,63,60.55,555,137,25,1,18,36,5,1,82,0,0,2,4.24,4.38,4.21,4.26,4.81,1.34,/player/?m=playerinfo&p_no=10909,10909
2022,KIA,4,이의리,22  P,2.32,29,28,1,0,0,0,10,10,0,0,154.0,66,79,78.80,671,128,26,4,18,74,9,0,161,10,0,7,3.86,4.62,4.61,4.68,4.23,1.31,/player/?m=playerinfo&p_no=14788,14788
2022,롯데,1,반즈,22  P,5.70,31,31,0,0,0,0,12,12,0,0,186.1,75,87,80.15,788,176,27,5,8,47,18,1,160,10,0,7,3.62,4.20,3.87,3.75,3.21,1.20,/player/?m=playerinfo&p_no=15011,15011
2022,롯데,2,박세웅,22  P,3.97,28,28,0,0,0,0,10,11,0,0,157.1,68,80,77.45,679,179,32,4,8,32,8,1,146,12,0,8,3.89,4.58,4.43,4.31,2.84,1.34,/player/?m=playerinfo&p_no=11310,11310
2022,롯데,3,이인복,22  P,3.48,26,23,3,0,0,0,9,9,0,1,126.2,59,63,60.25,547,153,22,1,6,30,4,0,71,6,0,4,4.19,4.48,4.28,4.06,3.78,1.44,/player/?m=playerinfo&p_no=11232,11232
2022,롯데,4,나균안,22  P,2.73,39,13,26,1,0,0,3,8,0,2,117.2,52,55,56.55,506,125,36,3,5,37,3,1,123,2,0,6,3.98,4.21,4.33,4.16,2.73,1.38,/player/?m=playerinfo&p_no=12930,12930
2022,LG,1,켈리,22  P,5.26,27,27,0,0,0,0,16,4,0,0,166.1,47,50,50.00,664,144,10,4,10,35,2,0,153,5,0,3,2.54,2.71,2.71,2.93,2.89,1.08,/player/?m=playerinfo&p_no=13934,13934
2022,LG,2,플럿코,22  P,5.26,28,28,0,0,0,0,15,5,0,0,162.0,43,53,50.60,644,125,18,2,13,38,2,2,149,10,0,5,2.39,2.94,2.81,2.95,3.19,1.01,/player/?m=playerinfo&p_no=15003,15003
2022,LG,3,김윤식,22  P,2.70,23,23,0,0,0,0,8,5,0,0,114.1,42,46,43.60,483,125,22,1,5,27,1,2,81,8,0,4,3.31,3.62,3.43,3.64,3.29,1.33,/player/?m=playerinfo&p_no=14588,14588
2022,LG,4,임찬규,22  P,0.72,23,23,0,0,0,0,6,11,0,0,103.2,58,60,55.70,459,113,13,3,10,39,7,0,75,5,0,3,5.04,5.21,4.84,5.22,4.50,1.47,/player/?m=playerinfo&p_no=10652,10652
2022,LG,5,이민호,22  P,0.30,26,26,0,0,0,0,12,8,0,0,119.1,73,77,72.90,540,146,23,5,14,43,7,0,73,3,0,9,5.51,5.81,5.50,5.79,4.95,1.58,/player/?m=playerinfo&p_no=14589,14589
2022,두산,1,곽빈,22  P,3.53,27,27,0,0,0,0,8,9,0,0,147.2,62,69,64.85,645,143,30,0,13,60,11,1,138,7,1,9,3.78,4.21,3.95,4.13,3.99,1.37,/player/?m=playerinfo&p_no=13061,13061
2022,두산,2,최원준,22  P,3.43,30,30,0,0,0,0,8,13,0,0,165.0,66,80,76.70,713,183,31,2,21,37,7,0,113,10,1,1,3.60,4.36,4.18,4.35,4.41,1.33,/player/?m=playerinfo&p_no=12852,12852
2022,두산,3,스탁,22  P,2.68,29,29,0,0,0,0,9,10,0,0,165.0,66,87,83.95,722,162,24,2,9,83,10,0,138,9,0,12,3.60,4.75,4.58,4.74,4.09,1.48,/player/?m=playerinfo&p_no=14999,14999
2022,한화,1,김민우,22  P,3.09,29,29,0,1,1,0,6,11,0,0,163.0,79,82,78.00,711,143,40,1,16,84,8,8,129,9,0,13,4.36,4.53,4.31,4.33,4.61,1.39,/player/?m=playerinfo&p_no=11410,11410
2022,한화,2,장민재,22  P,3.03,32,25,7,1,0,0,7,8,0,0,126.2,50,54,54.00,531,124,18,2,15,39,4,1,75,6,0,3,3.55,3.84,3.84,3.82,4.74,1.29,/player/?m=playerinfo&p_no=10610,10610
2022,SK_SSG,1,김광현,22  P,6.44,28,28,0,0,0,0,13,3,0,0,173.1,41,48,48.00,694,141,16,2,10,45,5,2,153,9,0,1,2.13,2.49,2.49,2.44,3.14,1.07,/player/?m=playerinfo&p_no=10126,10126
2022,SK_SSG,2,폰트,22  P,5.58,28,28,0,1,1,0,13,6,0,0,184.0,55,63,63.00,729,141,22,3,18,34,6,1,170,7,0,5,2.69,3.08,3.08,3.01,3.31,0.95,/player/?m=playerinfo&p_no=14759,14759
2022,SK_SSG,3,이태양,22  P,2.15,30,17,13,3,0,0,8,3,0,1,112.0,45,50,49.30,472,116,18,0,15,24,5,2,61,7,0,0,3.62,4.02,3.96,3.78,4.76,1.25,/player/?m=playerinfo&p_no=10609,10609
2022,SK_SSG,4,오원석,22  P,1.78,31,24,7,0,0,0,6,8,0,0,144.0,72,79,72.75,633,158,21,2,16,58,3,1,112,9,0,7,4.50,4.94,4.55,4.46,4.48,1.50,/player/?m=playerinfo&p_no=14581,14581
2022,넥센_키움,1,안우진,22  P,8.45,30,30,0,1,1,0,15,8,0,0,196.0,46,51,50.65,766,131,36,4,4,55,4,1,224,6,1,7,2.11,2.34,2.33,2.36,2.09,0.95,/player/?m=playerinfo&p_no=13091,13091
2022,넥센_키움,2,요키시,22  P,6.25,30,30,0,0,0,0,10,8,0,0,185.1,53,61,59.80,746,169,31,3,8,33,5,0,154,13,0,2,2.57,2.96,2.90,3.06,2.86,1.09,/player/?m=playerinfo&p_no=13940,13940
2022,넥센_키움,3,애플러,22  P,2.34,33,25,8,2,1,1,6,8,0,0,140.1,67,69,68.30,622,172,34,1,13,40,6,1,86,8,0,4,4.30,4.43,4.38,4.46,4.37,1.51,/player/?m=playerinfo&p_no=15005,15005
2022,넥센_키움,4,최원태,22  P,2.08,26,20,6,0,0,0,7,5,0,0,105.2,44,50,46.75,446,93,25,0,5,40,5,0,63,7,0,5,3.75,4.26,3.98,4.15,4.18,1.26,/player/?m=playerinfo&p_no=11379,11379
2022,NC,1,루친스키,22  P,5.68,31,31,0,0,0,0,10,12,0,0,193.2,64,77,75.10,797,184,34,2,14,34,8,1,194,10,0,9,2.97,3.58,3.49,3.49,2.80,1.13,/player/?m=playerinfo&p_no=13932,13932
2022,NC,2,구창모,22  P,4.85,19,19,0,0,0,0,11,5,0,0,111.2,26,32,30.10,451,92,16,0,7,29,4,0,108,5,0,7,2.10,2.58,2.43,2.43,3.03,1.08,/player/?m=playerinfo&p_no=11353,11353
2022,NC,3,신민혁,22  P,1.89,26,23,3,0,0,0,4,9,0,0,118.1,60,64,61.80,521,128,30,1,15,31,10,1,105,4,1,5,4.56,4.87,4.70,4.63,4.12,1.34,/player/?m=playerinfo&p_no=13085,13085
2022,NC,4,송명기,22  P,1.33,25,22,3,2,0,0,5,7,0,0,107.2,54,67,62.05,496,116,21,4,14,54,15,0,106,6,0,9,4.51,5.60,5.19,5.15,4.75,1.58,/player/?m=playerinfo&p_no=14155,14155
2022,KT,1,고영표,22  P,5.31,28,28,0,1,1,1,13,8,0,0,182.1,66,69,67.45,758,191,31,3,7,23,16,1,156,7,0,1,3.26,3.41,3.33,3.21,2.75,1.17,/player/?m=playerinfo&p_no=11308,11308
2022,KT,2,소형준,22  P,4.70,27,27,0,0,0,0,13,6,0,0,171.1,58,68,66.60,703,158,16,6,8,39,5,1,117,11,0,6,3.05,3.57,3.50,3.39,3.41,1.15,/player/?m=playerinfo&p_no=14600,14600
2022,KT,3,엄상백,22  P,4.13,33,22,11,0,0,0,11,2,0,0,140.1,46,52,51.15,581,125,24,2,14,46,4,0,139,4,0,1,2.95,3.33,3.28,3.12,3.60,1.22,/player/?m=playerinfo&p_no=11318,11318
2022,KT,4,데스파이네,22  P,2.27,30,29,1,0,0,0,8,12,0,0,163.0,82,94,88.20,725,198,27,0,14,48,9,2,123,13,1,7,4.53,5.19,4.87,4.70,3.98,1.51,/player/?m=playerinfo&p_no=14602,14602
2022,KT,5,배제성,22  P,1.54,24,18,6,4,0,0,3,9,0,0,107.0,50,56,54.30,458,103,15,2,8,46,1,0,89,3,0,8,4.21,4.71,4.57,4.26,3.96,1.39,/player/?m=playerinfo&p_no=11394,11394
2023,삼성,1,뷰캐넌,23  P,6.31,30,30,0,1,1,0,12,8,0,0,188.0,53,71,69.95,784,174,25,2,4,43,6,1,139,13,1,7,2.54,3.40,3.35,3.25,3.05,1.15,/player/?m=playerinfo&p_no=14617,14617
2023,삼성,2,원태인,23  P,4.48,26,26,0,0,0,0,7,7,0,0,150.0,54,61,59.95,634,157,26,1,15,34,6,2,102,4,2,6,3.24,3.66,3.60,3.58,4.17,1.27,/player/?m=playerinfo&p_no=14113,14113
2023,삼성,3,수아레즈,23  P,2.52,19,19,0,0,0,0,4,7,0,0,108.0,47,54,51.05,479,129,19,1,3,32,2,0,88,10,0,6,3.92,4.50,4.25,4.09,3.12,1.49,/player/?m=playerinfo&p_no=15001,15001
2023,KIA,1,양현종,23  P,3.54,29,29,0,0,0,0,9,11,0,0,171.0,68,78,76.45,729,181,33,1,13,48,1,1,133,9,0,5,3.58,4.11,4.02,4.13,3.70,1.34,/player/?m=playerinfo&p_no=10058,10058
2023,KIA,2,이의리,23  P,2.78,28,28,0,0,0,0,11,7,0,0,131.2,58,64,57.45,598,103,18,0,4,93,8,1,156,12,0,10,3.96,4.37,3.93,4.05,3.63,1.49,/player/?m=playerinfo&p_no=14788,14788
2023,KIA,3,윤영철,23  P,2.27,25,24,1,0,0,0,8,7,0,0,122.2,55,59,56.05,528,124,27,3,10,48,1,1,74,5,1,4,4.04,4.33,4.11,4.21,4.55,1.40,/player/?m=playerinfo&p_no=15432,15432
2023,롯데,1,반즈,23  P,5.74,30,30,0,0,0,0,11,10,0,0,170.1,62,68,65.40,734,171,34,1,6,56,15,1,147,7,0,7,3.28,3.59,3.46,3.41,3.40,1.33,/player/?m=playerinfo&p_no=15011,15011
2023,롯데,2,박세웅,23  P,4.63,27,27,0,0,0,0,9,7,0,0,154.0,59,70,67.25,657,145,24,0,8,59,4,1,129,9,0,10,3.45,4.09,3.93,3.82,3.62,1.32,/player/?m=playerinfo&p_no=11310,11310
2023,롯데,3,나균안,23  P,3.40,23,23,0,0,0,0,6,8,0,0,130.1,55,61,58.75,569,140,27,3,8,42,5,1,114,4,0,6,3.80,4.21,4.06,3.96,3.51,1.40,/player/?m=playerinfo&p_no=12930,12930
2023,롯데,4,한현희,23  P,0.95,38,18,20,3,0,0,6,12,0,3,104.0,63,69,65.60,476,123,20,4,11,44,11,1,74,3,0,6,5.45,5.97,5.68,5.53,4.97,1.61,/player/?m=playerinfo&p_no=10863,10863
2023,LG,1,플럿코,23  P,4.58,21,21,0,0,0,0,11,3,0,0,123.1,33,37,37.00,510,115,21,3,5,31,3,1,101,6,0,2,2.41,2.70,2.70,2.74,3.14,1.18,/player/?m=playerinfo&p_no=15003,15003
2023,LG,2,켈리,23  P,3.41,30,30,0,0,0,0,10,7,0,0,178.2,76,87,81.90,746,183,31,3,10,39,6,1,129,7,0,6,3.83,4.38,4.13,4.27,3.49,1.24,/player/?m=playerinfo&p_no=13934,13934
2023,LG,3,임찬규,23  P,3.40,30,26,4,1,0,0,14,3,0,1,144.2,55,63,59.75,632,142,22,2,10,54,5,1,103,10,1,1,3.42,3.92,3.72,3.91,4.16,1.35,/player/?m=playerinfo&p_no=10652,10652
2023,두산,1,알칸타라,23  P,5.79,31,31,0,0,0,0,13,9,0,0,192.0,57,67,67.00,777,171,33,0,16,35,5,1,162,11,0,3,2.67,3.14,3.14,3.34,3.38,1.07,/player/?m=playerinfo&p_no=13941,13941
2023,두산,2,곽빈,23  P,4.36,23,23,0,0,0,0,12,7,0,0,127.1,41,44,40.75,526,96,18,1,7,58,5,0,106,3,1,4,2.90,3.11,2.88,3.10,3.96,1.21,/player/?m=playerinfo&p_no=13061,13061
2023,두산,3,브랜든,23  P,3.61,18,18,0,0,0,0,11,3,0,0,104.2,29,34,33.50,427,80,13,0,4,30,12,0,100,3,0,3,2.49,2.92,2.88,3.03,3.16,1.05,/player/?m=playerinfo&p_no=15153,15153
2023,두산,4,최승용,23  P,1.94,34,20,14,4,0,0,3,6,1,0,111.0,49,54,52.10,479,116,11,1,9,34,4,0,82,7,0,3,3.97,4.38,4.22,4.44,4.03,1.35,/player/?m=playerinfo&p_no=14770,14770
2023,두산,5,최원준,23  P,1.23,26,20,6,1,0,0,3,10,0,0,107.2,59,60,58.50,465,119,33,1,11,28,12,0,71,2,0,1,4.93,5.02,4.89,4.95,4.57,1.37,/player/?m=playerinfo&p_no=12852,12852
2023,한화,1,페냐,23  P,4.20,32,32,0,0,0,0,11,11,0,0,177.1,71,82,79.25,751,149,28,5,14,59,18,1,147,13,4,16,3.60,4.16,4.02,3.98,4.06,1.17,/player/?m=playerinfo&p_no=15146,15146
2023,한화,2,문동주,23  P,2.96,23,23,0,0,0,0,8,8,0,0,118.2,49,52,49.95,503,113,20,2,6,42,4,0,95,2,1,5,3.72,3.94,3.79,3.82,3.65,1.31,/player/?m=playerinfo&p_no=15013,15013
2023,한화,3,산체스,23  P,2.51,24,24,0,0,0,0,7,8,0,0,126.0,53,62,60.80,540,136,23,0,13,28,6,2,99,7,0,3,3.79,4.43,4.34,4.29,3.92,1.30,/player/?m=playerinfo&p_no=15643,15643
2023,SK_SSG,1,김광현,23  P,4.48,30,30,0,0,0,0,9,8,0,0,168.1,66,75,72.75,713,163,30,0,11,70,2,0,119,9,0,5,3.53,4.01,3.89,3.89,4.19,1.38,/player/?m=playerinfo&p_no=10126,10126
2023,SK_SSG,2,엘리아스,23  P,3.54,22,21,1,1,0,0,8,6,0,0,131.1,54,58,56.80,548,140,22,1,12,33,6,1,93,5,0,0,3.70,3.97,3.89,3.78,4.09,1.32,/player/?m=playerinfo&p_no=15644,15644
2023,SK_SSG,3,맥카티,23  P,3.38,24,24,0,0,0,0,9,5,0,0,130.0,49,58,56.80,543,124,19,2,10,45,1,0,116,6,1,4,3.39,4.02,3.93,3.85,3.63,1.30,/player/?m=playerinfo&p_no=15528,15528
2023,SK_SSG,4,오원석,23  P,1.64,28,27,1,1,1,0,8,10,0,0,144.2,84,92,88.25,648,158,22,2,11,69,9,0,88,10,0,11,5.23,5.72,5.49,5.31,4.90,1.57,/player/?m=playerinfo&p_no=14581,14581
2023,SK_SSG,5,문승원,23  P,0.78,50,12,38,4,0,0,5,8,1,9,105.0,61,67,64.45,479,138,27,1,12,35,6,1,65,8,0,3,5.23,5.74,5.52,5.34,4.84,1.65,/player/?m=playerinfo&p_no=10783,10783
2023,넥센_키움,1,후라도,23  P,7.12,30,30,0,0,0,0,11,8,0,0,183.2,54,64,62.95,763,164,19,0,7,41,9,0,147,15,0,5,2.65,3.14,3.08,3.13,3.15,1.12,/player/?m=playerinfo&p_no=15531,15531
2023,넥센_키움,2,안우진,23  P,6.86,24,24,0,0,0,0,9,7,0,0,150.2,40,44,41.25,608,121,25,1,5,38,1,1,164,5,0,8,2.39,2.63,2.46,2.50,2.33,1.06,/player/?m=playerinfo&p_no=13091,13091
2023,넥센_키움,3,최원태,23  P,3.74,17,17,0,0,0,0,6,4,0,0,102.1,37,38,38.00,422,90,11,0,7,29,5,0,78,4,0,5,3.25,3.34,3.34,3.31,3.79,1.16,/player/?m=playerinfo&p_no=11379,11379
2023,NC,1,페디,23  P,7.95,30,30,0,0,0,0,20,6,0,0,180.1,40,46,44.95,708,137,16,0,9,35,4,0,209,13,0,5,2.00,2.30,2.24,2.25,2.22,0.95,/player/?m=playerinfo&p_no=15535,15535
2023,NC,2,신민혁,23  P,1.91,29,24,5,2,0,0,5,5,0,0,122.0,54,63,63.00,519,122,27,2,14,25,6,0,97,11,0,3,3.98,4.65,4.65,4.60,4.01,1.20,/player/?m=playerinfo&p_no=13085,13085
2023,NC,3,송명기,23  P,0.86,35,17,18,4,0,0,4,9,0,0,104.1,56,64,61.60,474,106,15,2,12,47,11,0,65,8,0,6,4.83,5.52,5.31,5.33,5.38,1.47,/player/?m=playerinfo&p_no=14155,14155
2023,KT,1,고영표,23  P,5.91,28,27,1,1,0,0,12,7,0,0,174.2,54,57,57.35,706,181,27,5,7,19,9,1,114,6,0,6,2.78,2.94,2.96,2.91,3.19,1.15,/player/?m=playerinfo&p_no=11308,11308
2023,KT,2,쿠에바스,23  P,4.57,18,18,0,0,0,0,12,0,0,0,114.1,33,33,31.65,460,95,10,2,4,24,2,1,100,2,0,5,2.60,2.60,2.49,2.39,2.78,1.04,/player/?m=playerinfo&p_no=13942,13942
2023,KT,3,엄상백,23  P,2.91,20,19,1,0,0,0,7,6,0,0,111.2,45,46,45.15,454,100,16,4,6,29,2,0,89,2,0,1,3.63,3.71,3.64,3.50,3.36,1.16,/player/?m=playerinfo&p_no=11318,11318
2023,KT,4,벤자민,23  P,2.90,29,29,0,0,0,0,15,6,0,0,160.0,63,79,76.95,684,149,23,1,12,45,3,1,157,13,0,11,3.54,4.44,4.33,4.23,3.14,1.21,/player/?m=playerinfo&p_no=15143,15143
2023,KT,5,배제성,23  P,1.95,26,24,2,0,0,0,8,10,0,0,130.1,65,72,67.55,596,144,20,1,6,77,2,0,79,6,1,9,4.49,4.97,4.66,4.46,4.76,1.70,/player/?m=playerinfo&p_no=11394,11394
2024,삼성,1,레예스,24  P,2.75,17,17,0,0,0,0,7,3,0,0,92.2,36,38,36.25,400,103,11,2,7,21,3,0,74,2,0,3,3.50,3.69,3.52,3.37,3.90,1.34,/player/?m=playerinfo&p_no=15861,15861
2024,삼성,2,원태인,24  P,2.69,16,16,0,0,0,0,7,4,0,0,91.0,32,35,35.00,387,82,15,2,8,31,4,1,70,5,0,2,3.16,3.46,3.46,3.32,4.51,1.24,/player/?m=playerinfo&p_no=14113,14113
2024,삼성,3,이승현,24  P,2.03,12,12,0,0,0,0,6,3,0,0,62.2,22,25,22.90,271,55,8,1,4,26,4,0,52,3,0,3,3.16,3.59,3.29,3.10,4.37,1.29,/player/?m=playerinfo&p_no=14798,14798
2024,삼성,4,코너,24  P,1.90,17,17,0,0,0,0,6,5,0,0,94.1,42,47,45.45,404,87,12,3,13,27,13,0,98,2,0,6,4.01,4.48,4.34,4.18,4.55,1.21,/player/?m=playerinfo&p_no=15860,15860
2024,KIA,1,네일,24  P,3.36,16,16,0,0,0,0,7,2,0,0,96.2,27,43,42.30,410,95,22,1,7,19,6,0,96,12,1,2,2.51,4.00,3.94,3.94,3.38,1.18,/player/?m=playerinfo&p_no=16088,16088
2024,KIA,2,양현종,24  P,3.19,15,15,0,1,1,0,6,3,0,0,91.2,39,41,38.95,384,91,19,3,9,21,4,0,64,5,0,1,3.83,4.03,3.82,3.89,4.47,1.22,/player/?m=playerinfo&p_no=10058,10058
2024,KIA,3,윤영철,24  P,1.69,15,15,0,0,0,0,7,4,0,0,73.1,36,42,40.65,328,75,14,1,8,40,1,0,54,7,0,1,4.42,5.15,4.99,5.00,5.39,1.57,/player/?m=playerinfo&p_no=15432,15432
2024,롯데,1,윌커슨,24  P,4.31,17,17,0,1,1,1,8,5,0,0,108.2,41,44,44.00,440,112,21,2,11,11,2,0,91,5,0,3,3.40,3.64,3.64,3.51,3.68,1.13,/player/?m=playerinfo&p_no=12295,12295
2024,롯데,2,반즈,24  P,2.64,11,11,0,0,0,0,3,2,0,0,63.1,25,25,24.30,264,61,8,1,7,20,3,0,79,2,0,2,3.55,3.55,3.45,3.28,3.52,1.28,/player/?m=playerinfo&p_no=15011,15011
2024,롯데,3,박세웅,24  P,1.88,16,16,0,0,0,0,6,6,0,0,90.0,50,57,55.60,402,105,21,0,5,31,5,0,63,7,0,6,5.00,5.70,5.56,5.40,4.35,1.51,/player/?m=playerinfo&p_no=11310,11310
2024,롯데,4,나균안,24  P,-0.31,14,14,0,0,0,0,2,7,0,0,60.2,61,64,61.75,320,98,17,0,11,41,5,0,56,1,0,8,9.05,9.49,9.16,8.88,6.40,2.29,/player/?m=playerinfo&p_no=12930,12930
2024,LG,1,손주영,24  P,1.91,16,16,0,0,0,0,5,5,0,0,80.0,34,41,38.25,361,87,11,0,8,37,6,0,65,6,0,5,3.83,4.61,4.30,4.48,5.02,1.55,/player/?m=playerinfo&p_no=12908,12908
2024,LG,2,최원태,24  P,1.86,12,12,0,0,0,0,6,3,0,0,66.1,28,30,27.75,289,58,7,0,6,35,3,0,58,3,0,5,3.80,4.07,3.77,3.96,4.86,1.40,/player/?m=playerinfo&p_no=11379,11379
2024,LG,3,임찬규,24  P,1.65,13,12,1,0,0,0,4,3,0,1,64.2,31,32,30.10,287,75,20,1,8,25,3,1,67,0,0,1,4.31,4.45,4.19,4.37,4.37,1.55,/player/?m=playerinfo&p_no=10652,10652
2024,LG,4,엔스,24  P,1.62,17,17,0,0,0,0,8,2,0,0,91.1,46,51,50.65,400,98,16,0,8,30,2,0,89,7,0,3,4.53,5.03,4.99,5.18,3.89,1.40,/player/?m=playerinfo&p_no=16023,16023
2024,LG,5,켈리,24  P,1.44,16,16,0,2,2,1,4,7,0,0,96.2,50,57,57.00,417,107,14,0,13,22,5,0,58,3,0,7,4.66,5.31,5.31,5.42,5.16,1.33,/player/?m=playerinfo&p_no=13934,13934
2024,두산,1,곽빈,24  P,3.12,16,16,0,0,0,0,6,6,0,0,91.2,39,40,36.75,387,81,15,0,4,34,2,0,87,5,1,8,3.83,3.93,3.61,3.67,3.43,1.25,/player/?m=playerinfo&p_no=13061,13061
2024,두산,2,브랜든,24  P,2.25,14,14,0,0,0,0,7,4,0,0,75.0,26,34,31.75,315,75,11,2,3,11,4,0,75,9,0,2,3.12,4.08,3.81,4.02,2.79,1.15,/player/?m=playerinfo&p_no=15153,15153
2024,두산,3,알칸타라,24  P,1.66,11,11,0,0,0,0,2,2,0,0,62.1,28,29,28.65,257,54,7,3,9,19,2,0,31,3,0,0,4.04,4.19,4.14,4.35,5.72,1.17,/player/?m=playerinfo&p_no=13941,13941
2024,한화,1,류현진,24  P,2.23,15,15,0,0,0,0,5,4,0,0,85.0,35,43,41.95,363,94,9,1,4,20,1,0,72,5,0,1,3.71,4.55,4.44,4.50,3.41,1.34,/player/?m=playerinfo&p_no=10590,10590
2024,한화,2,문동주,24  P,0.18,13,13,0,0,0,0,3,6,0,0,66.1,51,55,53.60,318,98,16,2,10,29,3,1,46,2,0,6,6.92,7.46,7.27,7.21,5.75,1.91,/player/?m=playerinfo&p_no=15013,15013
2024,SK_SSG,1,오원석,24  P,2.96,18,17,1,0,0,0,5,5,0,1,86.2,40,41,38.40,374,74,6,1,8,42,8,1,83,5,0,3,4.15,4.26,3.99,3.92,4.65,1.34,/player/?m=playerinfo&p_no=14581,14581
2024,SK_SSG,2,김광현,24  P,1.93,16,16,0,0,0,0,6,5,0,0,83.2,47,48,47.65,356,80,15,0,14,36,2,0,80,2,0,4,5.06,5.16,5.13,4.99,5.21,1.39,/player/?m=playerinfo&p_no=10126,10126
2024,넥센_키움,1,후라도,24  P,3.35,16,16,0,0,0,0,8,4,0,0,98.1,37,39,38.30,414,101,17,1,8,20,4,0,84,4,1,3,3.39,3.57,3.51,3.64,3.79,1.23,/player/?m=playerinfo&p_no=15531,15531
2024,넥센_키움,2,헤이수스,24  P,2.85,16,16,0,0,0,0,9,4,0,0,91.1,34,40,38.80,383,82,17,1,10,25,8,0,94,5,1,3,3.35,3.94,3.82,3.97,4.05,1.17,/player/?m=playerinfo&p_no=16138,16138
2024,넥센_키움,3,하영민,24  P,1.13,14,14,0,0,0,0,6,4,0,0,69.2,38,43,42.15,319,81,16,3,4,29,3,0,46,6,0,5,4.91,5.56,5.45,5.66,4.65,1.58,/player/?m=playerinfo&p_no=11222,11222
2024,NC,1,하트,24  P,3.36,16,16,0,0,0,0,7,2,0,0,98.0,32,36,36.00,399,89,13,1,6,23,4,0,104,6,0,1,2.94,3.31,3.31,3.39,3.13,1.14,/player/?m=playerinfo&p_no=16065,16065
2024,NC,2,신민혁,24  P,1.70,16,16,0,0,0,0,5,6,0,0,81.2,42,46,43.05,354,100,19,3,12,8,4,0,48,3,0,1,4.63,5.07,4.74,4.90,4.93,1.32,/player/?m=playerinfo&p_no=13085,13085
2024,NC,3,카스타노,24  P,1.51,15,15,0,0,0,0,6,4,0,0,89.1,39,50,49.65,378,89,19,2,9,17,7,0,70,7,0,0,3.93,5.04,5.00,5.15,4.27,1.19,/player/?m=playerinfo&p_no=16064,16064
2024,NC,4,김시훈,24  P,1.23,17,15,2,0,0,0,2,2,0,0,69.2,38,40,39.30,316,72,15,1,6,44,2,0,51,4,0,1,4.91,5.17,5.08,5.24,5.44,1.67,/player/?m=playerinfo&p_no=13080,13080
2024,KT,1,쿠에바스,24  P,2.92,16,16,0,0,0,0,4,7,0,0,95.1,43,45,45.00,396,80,18,2,10,32,1,3,94,7,0,2,4.06,4.25,4.25,4.10,3.96,1.17,/player/?m=playerinfo&p_no=13942,13942
2024,KT,2,벤자민,24  P,1.91,13,13,0,0,0,0,6,4,0,0,72.0,36,39,36.65,293,59,14,2,10,20,2,0,73,4,0,1,4.50,4.88,4.58,4.51,4.26,1.10,/player/?m=playerinfo&p_no=15143,15143
2024,KT,3,엄상백,24  P,1.79,16,16,0,0,0,0,7,7,0,0,86.0,48,50,50.00,367,90,15,1,16,24,1,0,98,0,0,1,5.02,5.23,5.23,5.11,4.46,1.33,/player/?m=playerinfo&p_no=11318,11318
