Year,Team,Rank,Name,Pos,WAR,oWAR,dWAR,G,PA,ePA,AB,R,H,2B,3B,HR,TB,RBI,SB,CS,BB,HP,IB,SO,GDP,SH,SF,AVG,OBP,SLG,OPS,R/ePA,wRC+,url,player_id
2018,삼성,1,러프,18  1B,4.77,5.92,-1.15,137,597,597,506,97,167,32,4,33,306,125,5,3,65,18,0,107,17,0,8,0.330,0.419,0.605,1.024,0.060,144.7,/player/?m=playerinfo&p_no=12961,12961
2018,삼성,2,박해민,18  CF,3.44,2.60,0.84,144,649,641,576,114,172,30,10,9,249,68,36,10,56,3,0,99,9,8,6,0.299,0.360,0.432,0.792,-0.009,95.2,/player/?m=playerinfo&p_no=11190,11190
2018,삼성,3,구자욱,18  RF,3.31,4.03,-0.72,116,529,526,478,100,159,26,5,20,255,84,10,0,43,5,2,110,4,1,2,0.333,0.392,0.533,0.925,0.029,122.4,/player/?m=playerinfo&p_no=10892,10892
2018,삼성,4,이원석,18  3B,2.39,3.37,-0.98,128,543,542,479,74,144,30,1,20,236,93,2,1,52,7,1,103,10,0,5,0.301,0.374,0.493,0.867,0.017,113.9,/player/?m=playerinfo&p_no=10180,10180
2018,삼성,5,강민호,18  C,2.29,1.44,0.85,129,477,474,427,46,115,14,0,22,195,71,0,0,29,14,5,96,11,0,7,0.269,0.331,0.457,0.788,-0.018,88.8,/player/?m=playerinfo&p_no=10232,10232
2018,삼성,6,김헌곤,18  LF,0.74,2.64,-1.90,141,586,580,513,77,154,26,2,11,217,71,22,9,54,10,1,70,13,5,4,0.300,0.375,0.423,0.798,-0.001,100.9,/player/?m=playerinfo&p_no=10640,10640
2018,삼성,7,박한이,18  RF,0.46,1.25,-0.79,114,392,385,342,47,97,16,0,10,143,43,5,3,43,0,2,91,9,6,1,0.284,0.363,0.418,0.781,-0.016,90.3,/player/?m=playerinfo&p_no=10336,10336
2018,삼성,8,김상수,18  SS,0.00,-0.22,0.22,122,499,491,453,63,119,13,1,10,164,50,12,9,27,8,0,91,11,8,3,0.263,0.314,0.362,0.676,-0.053,64.4,/player/?m=playerinfo&p_no=10320,10320
2018,KIA,1,안치홍,18  2B,5.01,4.90,0.11,130,549,548,494,88,169,38,1,23,278,118,5,1,36,10,1,57,13,0,9,0.342,0.392,0.563,0.955,0.045,133.8,/player/?m=playerinfo&p_no=10014,10014
2018,KIA,2,최형우,18  LF,4.10,5.75,-1.65,143,609,604,528,92,179,34,1,25,290,103,3,0,66,7,7,87,17,0,8,0.339,0.414,0.549,0.963,0.053,138.9,/player/?m=playerinfo&p_no=10344,10344
2018,KIA,3,이명기,18  RF,2.83,1.77,1.07,120,502,489,447,88,135,28,6,4,187,42,12,5,40,3,3,64,5,11,1,0.302,0.363,0.418,0.781,-0.013,92.7,/player/?m=playerinfo&p_no=10119,10119
2018,KIA,4,나지완,18  DH,2.65,3.18,-0.52,114,379,378,317,50,86,18,0,26,182,78,0,0,38,19,2,81,14,0,5,0.271,0.377,0.574,0.951,0.040,130.1,/player/?m=playerinfo&p_no=10030,10030
2018,KIA,5,버나디나,18  CF,2.48,3.98,-1.50,131,590,584,513,106,159,25,3,20,250,70,32,13,63,10,3,103,9,3,1,0.310,0.395,0.487,0.882,0.026,120.4,/player/?m=playerinfo&p_no=12950,12950
2018,KIA,6,김민식,18  C,1.97,0.69,1.27,125,365,354,310,53,76,9,3,6,109,37,5,2,39,3,0,63,8,11,2,0.245,0.333,0.352,0.685,-0.031,80.1,/player/?m=playerinfo&p_no=10707,10707
2018,KIA,7,김주찬,18  1B,1.85,3.31,-1.45,121,471,466,429,71,146,23,0,18,223,93,8,1,23,7,5,57,15,2,10,0.340,0.375,0.520,0.895,0.025,119.1,/player/?m=playerinfo&p_no=10239,10239
2018,KIA,8,김선빈,18  SS,1.85,1.88,-0.03,127,492,486,424,73,125,17,2,4,158,49,4,1,48,9,1,42,10,6,5,0.295,0.374,0.373,0.747,-0.012,93.5,/player/?m=playerinfo&p_no=10008,10008
2018,KIA,9,이범호,18  3B,1.56,2.20,-0.64,101,380,378,332,41,93,7,0,20,160,69,1,0,42,4,4,59,12,0,2,0.280,0.366,0.482,0.848,0.013,110.8,/player/?m=playerinfo&p_no=10559,10559
2018,KIA,10,최원준,18  SS,0.18,0.28,-0.09,101,331,327,302,46,82,14,1,4,110,32,10,4,20,4,0,58,4,4,1,0.272,0.324,0.364,0.688,-0.042,72.3,/player/?m=playerinfo&p_no=12534,12534
2018,롯데,1,손아섭,18  RF,6.33,5.71,0.61,141,625,623,553,109,182,32,5,26,302,93,20,3,68,2,1,99,15,1,1,0.329,0.404,0.546,0.950,0.048,135.8,/player/?m=playerinfo&p_no=10261,10261
2018,롯데,2,전준우,18  LF,5.48,5.56,-0.08,144,614,612,556,118,190,36,2,33,329,90,7,7,48,7,1,82,12,1,2,0.342,0.400,0.592,0.992,0.051,137.9,/player/?m=playerinfo&p_no=10266,10266
2018,롯데,3,이대호,18  DH,4.27,5.69,-1.42,144,604,599,543,81,181,30,0,37,322,125,0,1,43,14,7,75,18,0,4,0.333,0.394,0.593,0.987,0.056,141.4,/player/?m=playerinfo&p_no=10251,10251
2018,롯데,4,민병헌,18  CF,4.16,3.19,0.97,118,494,489,443,74,141,21,0,17,213,66,8,3,35,8,3,68,10,2,6,0.318,0.374,0.481,0.855,0.020,116.0,/player/?m=playerinfo&p_no=10188,10188
2018,롯데,5,번즈,18  2B,2.79,2.11,0.67,133,505,503,462,80,124,34,5,23,237,64,5,2,33,9,2,133,8,1,0,0.268,0.329,0.513,0.842,-0.006,97.4,/player/?m=playerinfo&p_no=12956,12956
2018,롯데,6,신본기,18  SS,1.44,1.62,-0.19,139,479,472,425,55,125,28,1,11,188,71,1,5,33,11,2,95,12,5,5,0.294,0.357,0.442,0.799,-0.009,95.6,/player/?m=playerinfo&p_no=10840,10840
2018,롯데,7,문규현,18  SS,0.52,0.17,0.35,122,349,340,316,42,87,19,1,6,126,41,3,1,18,0,0,45,9,9,6,0.275,0.309,0.399,0.708,-0.047,69.5,/player/?m=playerinfo&p_no=10240,10240
2018,롯데,8,채태인,18  1B,0.14,1.22,-1.08,130,420,416,376,44,110,18,0,15,173,75,0,0,34,5,3,107,10,1,4,0.293,0.356,0.460,0.816,-0.016,90.9,/player/?m=playerinfo&p_no=10331,10331
2018,LG,1,김현수,18  LF,5.17,6.05,-0.88,117,511,508,453,95,164,39,2,20,267,101,1,3,47,1,6,61,9,0,10,0.362,0.415,0.589,1.004,0.083,160.7,/player/?m=playerinfo&p_no=10187,10187
2018,LG,2,오지환,18  SS,4.97,2.43,2.54,144,617,605,533,93,148,26,2,11,211,71,10,5,59,7,3,146,6,12,6,0.278,0.354,0.396,0.750,-0.009,95.2,/player/?m=playerinfo&p_no=10475,10475
2018,LG,3,유강남,18  C,4.15,3.12,1.03,132,465,462,425,53,126,33,0,19,216,66,0,0,28,9,1,80,21,2,1,0.296,0.352,0.508,0.860,0.026,120.2,/player/?m=playerinfo&p_no=10753,10753
2018,LG,4,이형종,18  LF,3.09,3.48,-0.39,118,485,480,437,83,138,27,0,13,204,42,6,4,31,12,0,82,6,5,0,0.316,0.377,0.467,0.844,0.028,121.4,/player/?m=playerinfo&p_no=12516,12516
2018,LG,5,채은성,18  RF,2.67,5.10,-2.43,139,578,577,529,78,175,36,2,25,290,119,3,1,35,9,1,97,12,0,5,0.331,0.379,0.548,0.927,0.045,134.1,/player/?m=playerinfo&p_no=11215,11215
2018,LG,6,박용택,18  DH,1.71,3.16,-1.45,134,583,583,524,89,159,38,1,15,244,76,3,3,47,5,0,107,21,0,7,0.303,0.362,0.466,0.828,0.010,109.0,/player/?m=playerinfo&p_no=10485,10485
2018,LG,7,이천웅,18  LF,1.60,2.26,-0.66,112,405,402,359,61,122,22,3,2,156,39,10,10,39,3,2,48,11,2,2,0.340,0.407,0.435,0.842,0.018,114.2,/player/?m=playerinfo&p_no=10935,10935
2018,LG,8,양석환,18  1B,1.47,1.72,-0.25,140,519,518,483,53,127,27,0,22,220,82,2,2,24,6,0,81,9,1,5,0.263,0.303,0.455,0.758,-0.012,93.2,/player/?m=playerinfo&p_no=11213,11213
2018,LG,9,정주현,18  2B,1.38,0.87,0.51,115,339,333,303,48,79,14,2,6,115,31,18,3,27,2,0,68,9,6,1,0.261,0.324,0.380,0.704,-0.027,83.0,/player/?m=playerinfo&p_no=10480,10480
2018,두산,1,양의지,18  C,7.93,6.30,1.63,133,503,497,439,84,157,29,1,23,257,77,6,0,45,13,6,40,13,0,6,0.358,0.427,0.585,1.012,0.086,162.3,/player/?m=playerinfo&p_no=10165,10165
2018,두산,2,최주환,18  2B,7.07,7.06,0.01,138,590,589,519,87,173,39,6,26,302,108,1,0,51,10,1,89,5,0,10,0.333,0.397,0.582,0.979,0.082,160.0,/player/?m=playerinfo&p_no=10182,10182
2018,두산,3,김재환,18  LF,6.84,8.16,-1.32,139,602,600,527,104,176,36,1,44,346,133,2,0,59,9,4,134,6,0,7,0.334,0.405,0.657,1.062,0.099,172.4,/player/?m=playerinfo&p_no=10643,10643
2018,두산,4,오재일,18  1B,4.74,4.37,0.37,123,477,476,401,69,112,19,2,27,216,80,1,1,60,6,2,121,3,0,10,0.279,0.373,0.539,0.912,0.053,139.3,/player/?m=playerinfo&p_no=10400,10400
2018,두산,5,오재원,18  2B,4.51,3.38,1.13,132,521,518,473,78,148,24,1,15,219,81,15,6,41,2,0,119,13,3,2,0.313,0.369,0.463,0.832,0.020,116.1,/player/?m=playerinfo&p_no=10178,10178
2018,두산,6,김재호,18  SS,4.26,3.37,0.88,131,467,464,402,78,125,20,0,16,193,75,6,2,52,4,1,77,12,3,6,0.311,0.390,0.480,0.870,0.032,124.5,/player/?m=playerinfo&p_no=10174,10174
2018,두산,7,허경민,18  3B,4.23,3.51,0.71,133,577,572,516,85,167,30,5,10,237,79,20,4,32,16,0,52,15,5,8,0.324,0.376,0.459,0.835,0.015,112.1,/player/?m=playerinfo&p_no=10184,10184
2018,두산,8,박건우,18  CF,3.25,3.42,-0.17,125,529,527,488,79,159,24,6,12,231,84,7,3,28,10,1,65,14,1,2,0.326,0.373,0.473,0.846,0.019,115.3,/player/?m=playerinfo&p_no=10189,10189
2018,한화,1,호잉,18  RF,5.69,4.27,1.42,142,590,583,529,85,162,47,2,30,303,110,23,9,51,5,10,93,5,0,5,0.306,0.369,0.573,0.942,0.031,123.6,/player/?m=playerinfo&p_no=13069,13069
2018,한화,2,이성열,18  DH,2.69,3.58,-0.89,131,528,526,485,76,143,21,1,34,268,102,9,7,35,5,3,143,9,1,2,0.295,0.347,0.553,0.900,0.026,120.4,/player/?m=playerinfo&p_no=10168,10168
2018,한화,3,송광민,18  3B,2.18,2.21,-0.03,113,460,460,434,63,129,24,0,18,207,79,4,4,18,4,0,93,13,0,4,0.297,0.328,0.477,0.805,0.003,103.9,/player/?m=playerinfo&p_no=10555,10555
2018,한화,4,이용규,18  CF,2.15,1.88,0.27,134,575,567,491,82,144,14,1,1,163,36,30,11,59,12,0,62,8,8,5,0.293,0.379,0.332,0.711,-0.017,90.2,/player/?m=playerinfo&p_no=10035,10035
2018,한화,5,최재훈,18  C,1.91,0.47,1.44,128,341,335,298,36,78,17,0,1,98,27,8,0,20,15,0,61,8,6,2,0.262,0.337,0.329,0.666,-0.040,73.8,/player/?m=playerinfo&p_no=10170,10170
2018,한화,6,정근우,18  2B,1.00,2.22,-1.22,102,425,423,375,63,114,24,1,11,173,57,6,5,39,7,1,43,12,1,3,0.304,0.377,0.461,0.838,0.009,108.4,/player/?m=playerinfo&p_no=10103,10103
2018,한화,7,하주석,18  SS,0.96,-0.30,1.26,141,517,516,484,67,123,20,3,9,176,52,14,12,28,4,0,130,7,1,0,0.254,0.300,0.364,0.664,-0.053,64.0,/player/?m=playerinfo&p_no=10913,10913
2018,SK_SSG,1,로맥,18  1B,5.94,5.76,0.18,141,616,616,528,102,167,19,0,43,315,107,10,5,72,10,0,123,7,0,6,0.316,0.404,0.597,1.001,0.055,140.8,/player/?m=playerinfo&p_no=12991,12991
2018,SK_SSG,2,한동민,18  RF,4.17,4.32,-0.14,136,562,560,486,97,138,31,0,41,292,115,4,2,52,16,3,124,10,0,8,0.284,0.367,0.601,0.968,0.034,126.2,/player/?m=playerinfo&p_no=10815,10815
2018,SK_SSG,3,최정,18  3B,3.73,3.17,0.56,115,489,489,406,95,99,16,1,35,222,74,9,2,58,23,2,129,10,0,2,0.244,0.368,0.547,0.915,0.021,116.7,/player/?m=playerinfo&p_no=10106,10106
2018,SK_SSG,4,노수광,18  RF,3.00,3.03,-0.03,135,588,579,515,93,161,21,8,8,222,53,25,4,48,13,0,86,3,9,3,0.313,0.383,0.431,0.814,0.003,103.8,/player/?m=playerinfo&p_no=11268,11268
2018,SK_SSG,5,이재원,18  C,1.56,3.68,-2.12,130,471,467,407,63,134,24,0,17,209,57,0,0,43,12,0,65,13,4,5,0.329,0.405,0.514,0.919,0.037,128.2,/player/?m=playerinfo&p_no=10082,10082
2018,SK_SSG,6,나주환,18  SS,1.26,1.14,0.12,119,420,407,362,54,95,24,0,12,155,56,5,6,38,5,0,66,2,13,2,0.262,0.339,0.428,0.767,-0.017,89.8,/player/?m=playerinfo&p_no=10092,10092
2018,SK_SSG,7,김동엽,18  LF,0.84,1.17,-0.32,124,446,445,421,58,106,15,0,27,202,76,11,2,17,4,0,108,13,1,3,0.252,0.285,0.480,0.765,-0.025,83.8,/player/?m=playerinfo&p_no=12548,12548
2018,SK_SSG,8,김성현,18  2B,0.29,0.56,-0.27,135,462,456,415,51,115,19,1,4,148,55,6,2,29,9,0,42,19,6,3,0.277,0.336,0.357,0.693,-0.039,74.6,/player/?m=playerinfo&p_no=10636,10636
2018,넥센_키움,1,박병호,18  1B,7.38,7.88,-0.50,113,488,481,400,88,138,20,0,43,287,112,0,1,68,17,10,114,9,0,3,0.345,0.457,0.718,1.175,0.132,194.3,/player/?m=playerinfo&p_no=10470,10470
2018,넥센_키움,2,김하성,18  SS,5.13,3.15,1.97,129,576,575,511,95,147,27,4,20,242,84,8,2,54,5,2,81,16,1,5,0.288,0.358,0.474,0.832,0.008,107.6,/player/?m=playerinfo&p_no=11224,11224
2018,넥센_키움,3,이정후,18  CF,4.54,4.50,0.05,109,520,517,459,81,163,34,2,6,219,57,11,4,42,8,3,58,5,3,8,0.355,0.412,0.477,0.889,0.045,133.8,/player/?m=playerinfo&p_no=12906,12906
2018,넥센_키움,4,김민성,18  3B,2.41,1.57,0.84,128,465,462,413,46,117,24,0,10,171,45,1,0,40,6,3,80,6,1,5,0.283,0.351,0.414,0.765,-0.016,90.6,/player/?m=playerinfo&p_no=10238,10238
2018,넥센_키움,5,김혜성,18  2B,1.72,0.80,0.92,136,473,470,430,79,116,15,6,5,158,45,31,6,33,5,1,119,6,3,2,0.270,0.328,0.367,0.695,-0.038,75.3,/player/?m=playerinfo&p_no=12905,12905
2018,넥센_키움,6,초이스,18  RF,1.69,2.26,-0.57,96,397,396,349,55,90,19,0,17,160,61,2,1,33,10,2,79,4,0,5,0.258,0.335,0.458,0.793,0.011,109.5,/player/?m=playerinfo&p_no=13007,13007
2018,넥센_키움,7,임병욱,18  CF,1.65,1.53,0.12,134,447,447,423,76,124,29,3,13,198,60,16,3,22,0,1,119,6,0,2,0.293,0.327,0.468,0.795,-0.018,89.3,/player/?m=playerinfo&p_no=11226,11226
2018,넥센_키움,8,이택근,18  CF,1.03,2.02,-0.99,104,356,353,308,40,95,25,1,4,134,52,1,0,32,9,0,44,14,3,4,0.308,0.385,0.435,0.820,0.012,110.3,/player/?m=playerinfo&p_no=10493,10493
2018,넥센_키움,9,김규민,18  LF,0.39,0.96,-0.57,104,336,335,298,47,88,9,2,3,110,40,8,4,27,6,0,89,3,1,4,0.295,0.361,0.369,0.730,-0.022,86.2,/player/?m=playerinfo&p_no=10868,10868
2018,넥센_키움,10,고종욱,18  LF,-0.22,0.47,-0.68,102,351,349,330,47,92,22,0,6,132,54,17,4,15,1,1,96,2,1,4,0.279,0.309,0.400,0.709,-0.042,72.1,/player/?m=playerinfo&p_no=10659,10659
2018,NC,1,나성범,18  RF,5.18,4.58,0.60,144,620,617,556,110,177,36,3,23,288,91,15,2,44,15,4,131,11,0,5,0.318,0.381,0.518,0.899,0.027,120.7,/player/?m=playerinfo&p_no=11162,11162
2018,NC,2,박민우,18  2B,3.17,2.76,0.41,115,460,456,411,68,133,22,5,5,180,33,17,5,32,10,3,51,4,3,4,0.324,0.383,0.438,0.821,0.014,111.5,/player/?m=playerinfo&p_no=11137,11137
2018,NC,3,김성욱,18  CF,1.71,0.74,0.97,111,358,356,323,49,84,13,2,13,140,45,11,2,29,1,0,64,10,2,3,0.260,0.320,0.433,0.753,-0.031,80.1,/player/?m=playerinfo&p_no=11153,11153
2018,NC,4,노진혁,18  SS,1.71,1.15,0.57,125,458,457,420,52,119,21,4,11,181,42,4,3,33,2,0,92,8,1,2,0.283,0.337,0.431,0.768,-0.022,86.2,/player/?m=playerinfo&p_no=11165,11165
2018,NC,5,권희동,18  LF,1.66,1.31,0.35,104,391,384,343,43,97,19,1,8,142,57,1,3,35,4,2,58,5,5,4,0.283,0.352,0.414,0.766,-0.013,92.9,/player/?m=playerinfo&p_no=11172,11172
2018,NC,6,스크럭스,18  1B,1.45,2.62,-1.16,142,571,570,501,75,129,35,0,26,242,97,3,2,55,12,2,144,14,0,3,0.257,0.343,0.483,0.826,0.000,101.9,/player/?m=playerinfo&p_no=12947,12947
2018,NC,7,박석민,18  3B,1.11,1.75,-0.64,103,375,373,318,40,81,14,1,16,145,55,1,0,39,15,4,80,11,0,3,0.255,0.360,0.456,0.816,0.003,104.1,/player/?m=playerinfo&p_no=10322,10322
2018,NC,8,모창민,18  3B,0.83,1.49,-0.66,81,314,314,287,38,80,10,1,17,143,62,2,3,21,2,0,51,10,0,4,0.279,0.328,0.498,0.826,0.005,105.7,/player/?m=playerinfo&p_no=10093,10093
2018,KT,1,로하스,18  CF,6.85,6.25,0.59,144,645,641,564,114,172,30,1,43,333,114,18,13,71,7,4,142,10,1,2,0.305,0.388,0.590,0.978,0.061,144.7,/player/?m=playerinfo&p_no=12995,12995
2018,KT,2,황재균,18  3B,3.59,3.51,0.08,142,588,585,530,76,157,41,3,25,279,88,14,7,49,4,1,120,5,2,3,0.296,0.358,0.526,0.884,0.016,113.2,/player/?m=playerinfo&p_no=10407,10407
2018,KT,3,유한준,18  RF,2.66,4.10,-1.45,121,480,477,428,59,145,21,1,20,228,83,1,1,47,2,3,53,9,2,1,0.339,0.406,0.533,0.939,0.045,133.5,/player/?m=playerinfo&p_no=10627,10627
2018,KT,4,박경수,18  2B,2.48,2.50,-0.01,135,528,527,458,65,120,21,0,25,216,74,4,1,58,9,2,129,16,0,3,0.262,0.354,0.472,0.826,0.002,103.5,/player/?m=playerinfo&p_no=10469,10469
2018,KT,5,강백호,18  LF,2.11,3.93,-1.82,138,585,585,527,108,153,32,2,29,276,84,3,5,52,3,0,124,4,0,3,0.290,0.356,0.524,0.880,0.026,120.1,/player/?m=playerinfo&p_no=13168,13168
2018,KT,6,심우준,18  3B,1.56,-0.64,2.20,135,403,392,367,49,95,23,3,4,136,29,11,11,20,4,1,58,4,11,1,0.259,0.304,0.371,0.675,-0.063,58.0,/player/?m=playerinfo&p_no=11334,11334
2018,KT,7,오태곤,18  1B,0.68,0.58,0.10,128,374,371,342,55,87,17,2,12,144,39,13,8,24,4,0,92,7,3,1,0.254,0.310,0.421,0.731,-0.030,80.8,/player/?m=playerinfo&p_no=10249,10249
2018,KT,8,장성우,18  C,0.30,0.33,-0.03,127,393,392,356,41,92,13,0,13,144,48,1,1,32,2,0,82,8,1,2,0.258,0.321,0.404,0.725,-0.041,72.7,/player/?m=playerinfo&p_no=10235,10235
2018,KT,9,윤석민,18  DH,-0.47,1.83,-2.30,132,509,506,460,58,127,22,0,19,206,60,4,1,40,4,2,69,17,2,3,0.276,0.337,0.448,0.785,-0.013,92.9,/player/?m=playerinfo&p_no=10644,10644
2019,삼성,1,러프,19  1B,4.13,5.24,-1.12,133,568,564,472,80,138,35,2,22,243,101,6,3,80,7,6,87,18,0,9,0.292,0.396,0.515,0.911,0.044,141.0,/player/?m=playerinfo&p_no=12961,12961
2019,삼성,2,박해민,19  CF,3.92,1.17,2.74,144,581,569,506,64,121,16,7,5,166,44,24,7,58,2,0,82,4,12,3,0.239,0.318,0.328,0.646,-0.030,78.8,/player/?m=playerinfo&p_no=11190,11190
2019,삼성,3,구자욱,19  RF,3.25,2.65,0.60,122,526,525,475,66,127,27,6,15,211,71,11,3,38,7,2,88,5,0,6,0.267,0.327,0.444,0.771,0.000,104.1,/player/?m=playerinfo&p_no=10892,10892
2019,삼성,4,김상수,19  2B,2.79,2.90,-0.11,129,543,537,468,76,127,20,2,5,166,38,21,3,50,15,1,67,14,6,4,0.271,0.358,0.355,0.713,0.000,103.4,/player/?m=playerinfo&p_no=10320,10320
2019,삼성,5,이학주,19  SS,2.59,1.32,1.28,118,436,431,385,43,101,14,3,7,142,36,15,5,32,10,0,89,3,5,4,0.262,0.332,0.369,0.701,-0.020,86.6,/player/?m=playerinfo&p_no=14114,14114
2019,삼성,6,강민호,19  C,2.32,0.96,1.36,112,393,390,346,36,81,20,0,13,140,45,0,0,33,9,2,76,9,2,3,0.234,0.315,0.405,0.720,-0.022,84.8,/player/?m=playerinfo&p_no=10232,10232
2019,삼성,7,김헌곤,19  LF,1.68,2.09,-0.42,114,467,462,411,57,122,20,1,5,159,46,10,8,37,8,1,41,18,5,6,0.297,0.361,0.387,0.748,0.000,103.9,/player/?m=playerinfo&p_no=10640,10640
2019,삼성,8,이원석,19  3B,1.19,2.08,-0.88,111,455,453,395,44,97,20,0,19,174,76,2,1,43,8,0,73,10,2,7,0.246,0.327,0.441,0.768,-0.003,101.5,/player/?m=playerinfo&p_no=10180,10180
2019,KIA,1,최형우,19  DH,4.81,5.63,-0.81,136,555,550,456,65,137,31,1,17,221,86,0,1,85,7,6,77,13,0,7,0.300,0.413,0.485,0.898,0.054,149.1,/player/?m=playerinfo&p_no=10344,10344
2019,KIA,2,김선빈,19  SS,3.57,2.70,0.87,121,447,442,394,55,115,22,0,3,146,40,5,4,43,1,0,26,7,5,4,0.292,0.360,0.371,0.731,0.015,116.2,/player/?m=playerinfo&p_no=10008,10008
2019,KIA,3,이창진,19  CF,2.16,2.30,-0.14,133,470,466,400,57,108,25,1,6,153,48,8,8,57,4,0,92,8,4,5,0.270,0.363,0.383,0.746,0.004,106.9,/player/?m=playerinfo&p_no=11233,11233
2019,KIA,4,안치홍,19  2B,2.01,2.76,-0.75,105,408,408,362,45,114,18,1,5,149,49,4,2,40,1,1,37,9,0,5,0.315,0.380,0.412,0.792,0.021,121.3,/player/?m=playerinfo&p_no=10014,10014
2019,KIA,5,터커,19  RF,1.95,3.54,-1.59,95,399,399,357,50,111,33,0,9,171,50,0,0,38,3,0,44,12,0,1,0.311,0.381,0.479,0.860,0.039,137.2,/player/?m=playerinfo&p_no=14224,14224
2019,KIA,6,박찬호,19  3B,1.26,0.40,0.86,133,541,536,504,60,131,15,4,2,160,49,39,6,26,4,0,83,8,5,2,0.260,0.300,0.317,0.617,-0.049,62.5,/player/?m=playerinfo&p_no=11261,11261
2019,KIA,7,김주찬,19  1B,0.32,1.45,-1.13,100,363,360,337,35,101,16,0,3,126,32,3,1,17,5,3,44,6,1,3,0.300,0.340,0.374,0.714,-0.010,95.2,/player/?m=playerinfo&p_no=10239,10239
2019,롯데,1,손아섭,19  RF,3.45,3.23,0.22,134,568,566,512,78,151,22,1,10,205,63,13,8,52,1,1,92,6,1,2,0.295,0.360,0.400,0.760,0.009,111.6,/player/?m=playerinfo&p_no=10261,10261
2019,롯데,2,전준우,19  LF,2.87,4.43,-1.56,141,606,604,545,85,164,30,1,22,262,83,8,2,46,7,2,71,19,1,7,0.301,0.359,0.481,0.840,0.022,122.5,/player/?m=playerinfo&p_no=10266,10266
2019,롯데,3,민병헌,19  CF,2.52,3.49,-0.97,101,420,419,369,52,112,24,2,9,167,43,13,6,42,5,0,55,9,1,3,0.304,0.379,0.453,0.832,0.032,131.1,/player/?m=playerinfo&p_no=10188,10188
2019,롯데,4,이대호,19  DH,1.57,3.26,-1.69,135,549,547,485,48,138,23,1,16,211,88,0,0,47,10,4,65,19,0,7,0.285,0.355,0.435,0.790,0.012,113.6,/player/?m=playerinfo&p_no=10251,10251
2019,롯데,5,신본기,19  SS,0.90,0.35,0.55,121,413,407,375,43,96,9,0,1,108,26,3,3,24,8,1,62,9,5,1,0.256,0.314,0.288,0.602,-0.036,74.0,/player/?m=playerinfo&p_no=10840,10840
2019,LG,1,오지환,19  SS,7.73,3.72,4.01,134,547,539,473,63,119,23,5,9,179,53,27,5,57,7,1,113,7,7,3,0.252,0.339,0.378,0.717,0.013,114.9,/player/?m=playerinfo&p_no=10475,10475
2019,LG,2,이형종,19  LF,4.11,3.38,0.73,120,482,480,419,56,120,24,1,13,185,63,6,5,42,10,1,78,9,1,10,0.286,0.358,0.442,0.800,0.021,121.6,/player/?m=playerinfo&p_no=12516,12516
2019,LG,3,유강남,19  C,3.68,2.91,0.77,132,468,466,418,44,113,22,0,16,183,49,0,0,30,13,2,82,21,1,6,0.270,0.334,0.438,0.772,0.018,118.7,/player/?m=playerinfo&p_no=10753,10753
2019,LG,4,채은성,19  RF,3.68,4.09,-0.42,128,514,514,470,59,148,18,1,12,204,72,2,2,24,12,1,67,9,0,8,0.315,0.358,0.434,0.792,0.030,129.3,/player/?m=playerinfo&p_no=11215,11215
2019,LG,5,김현수,19  LF,3.10,4.36,-1.25,140,595,589,526,75,160,37,0,11,230,82,3,1,54,6,9,52,11,0,9,0.304,0.370,0.437,0.807,0.023,123.4,/player/?m=playerinfo&p_no=10187,10187
2019,LG,6,김민성,19  3B,1.84,1.87,-0.03,107,401,396,361,44,94,16,0,8,134,50,2,1,30,4,0,75,12,5,1,0.260,0.323,0.371,0.694,-0.004,100.7,/player/?m=playerinfo&p_no=10238,10238
2019,LG,7,이천웅,19  CF,1.61,3.68,-2.06,138,613,608,546,88,168,24,3,2,204,48,21,10,57,5,1,82,13,4,1,0.308,0.378,0.374,0.752,0.011,113.0,/player/?m=playerinfo&p_no=10935,10935
2019,LG,8,정주현,19  2B,1.18,0.22,0.96,129,425,409,376,53,87,19,2,2,116,27,15,6,31,1,0,91,10,16,1,0.231,0.291,0.309,0.600,-0.044,67.4,/player/?m=playerinfo&p_no=10480,10480
2019,두산,1,박세혁,19  C,6.03,2.98,3.05,137,505,495,441,58,123,19,9,4,172,63,8,2,41,7,1,68,5,10,6,0.279,0.345,0.390,0.735,0.009,111.2,/player/?m=playerinfo&p_no=10891,10891
2019,두산,2,페르난데스,19  DH,5.73,7.49,-1.76,144,645,643,572,87,197,34,0,15,276,88,1,2,61,6,4,54,16,0,6,0.344,0.409,0.483,0.892,0.069,162.0,/player/?m=playerinfo&p_no=13927,13927
2019,두산,3,오재일,19  1B,5.14,4.97,0.17,130,529,529,467,76,137,29,1,21,231,102,2,1,55,3,1,99,5,0,4,0.293,0.369,0.495,0.864,0.048,144.6,/player/?m=playerinfo&p_no=10400,10400
2019,두산,4,박건우,19  RF,5.13,5.59,-0.46,127,537,536,458,83,146,27,5,10,213,64,12,3,60,7,0,57,23,1,11,0.319,0.397,0.465,0.862,0.053,148.4,/player/?m=playerinfo&p_no=10189,10189
2019,두산,5,김재호,19  SS,4.53,2.82,1.71,130,470,460,377,51,101,22,0,4,135,48,3,3,67,7,3,58,10,8,11,0.268,0.379,0.358,0.737,0.012,114.1,/player/?m=playerinfo&p_no=10174,10174
2019,두산,6,정수빈,19  CF,3.79,2.54,1.25,123,513,509,441,75,117,19,5,0,146,41,26,8,57,6,0,60,6,4,5,0.265,0.354,0.331,0.685,-0.003,101.6,/player/?m=playerinfo&p_no=10195,10195
2019,두산,7,김재환,19  LF,3.49,4.10,-0.61,136,574,570,495,76,140,20,5,15,215,91,3,1,63,5,5,113,7,0,11,0.283,0.362,0.434,0.796,0.023,123.5,/player/?m=playerinfo&p_no=10643,10643
2019,두산,8,허경민,19  3B,3.03,3.08,-0.05,133,540,536,475,71,137,25,1,4,176,60,11,5,34,17,2,36,16,3,11,0.288,0.350,0.371,0.721,0.008,110.8,/player/?m=playerinfo&p_no=10184,10184
2019,두산,9,류지혁,19  SS,1.78,0.87,0.92,118,316,310,276,36,69,6,2,0,79,34,18,5,24,7,0,40,6,6,3,0.250,0.323,0.286,0.609,-0.026,82.4,/player/?m=playerinfo&p_no=10894,10894
2019,두산,10,최주환,19  2B,0.79,1.09,-0.30,87,325,325,285,27,79,13,0,4,104,47,0,0,28,1,0,35,10,0,11,0.277,0.332,0.365,0.697,-0.014,91.9,/player/?m=playerinfo&p_no=10182,10182
2019,한화,1,호잉,19  RF,5.11,3.88,1.23,124,525,522,476,74,135,26,2,18,219,73,22,7,38,5,5,90,6,1,5,0.284,0.340,0.460,0.800,0.020,121.0,/player/?m=playerinfo&p_no=13069,13069
2019,한화,2,최재훈,19  C,4.96,3.29,1.68,135,451,447,373,47,108,18,0,3,135,31,3,10,56,14,0,61,9,4,4,0.290,0.398,0.362,0.760,0.030,128.7,/player/?m=playerinfo&p_no=10170,10170
2019,한화,3,정은원,19  2B,2.20,1.97,0.23,142,624,618,564,83,148,27,6,8,211,57,14,7,48,0,0,101,6,6,6,0.262,0.317,0.374,0.691,-0.017,89.7,/player/?m=playerinfo&p_no=13137,13137
2019,한화,4,김태균,19  DH,1.88,3.72,-1.84,127,500,497,433,47,132,21,0,6,171,62,3,0,54,5,5,94,15,0,8,0.305,0.382,0.395,0.777,0.025,124.8,/player/?m=playerinfo&p_no=10552,10552
2019,한화,5,이성열,19  RF,1.30,3.49,-2.18,129,476,475,414,60,106,21,1,21,192,85,8,4,48,9,1,114,7,1,4,0.256,0.343,0.464,0.807,0.025,125.1,/player/?m=playerinfo&p_no=10168,10168
2019,한화,6,송광민,19  3B,0.67,0.81,-0.15,122,486,483,454,50,120,21,0,7,162,51,8,2,21,3,0,91,18,3,5,0.264,0.298,0.357,0.655,-0.034,75.3,/player/?m=playerinfo&p_no=10555,10555
2019,한화,7,오선진,19  SS,0.37,0.39,-0.02,122,453,443,392,37,88,16,0,3,113,36,7,2,38,10,0,72,8,10,3,0.224,0.307,0.288,0.595,-0.043,68.3,/player/?m=playerinfo&p_no=10557,10557
2019,한화,8,장진혁,19  CF,0.20,0.97,-0.77,113,349,347,315,42,80,16,5,1,109,24,13,5,26,5,0,74,4,2,1,0.254,0.320,0.346,0.666,-0.020,86.8,/player/?m=playerinfo&p_no=12583,12583
2019,SK_SSG,1,최정,19  3B,6.14,6.12,0.02,141,606,603,503,86,147,27,0,29,261,99,3,2,69,26,6,92,4,0,8,0.292,0.399,0.519,0.918,0.053,148.8,/player/?m=playerinfo&p_no=10106,10106
2019,SK_SSG,2,로맥,19  1B,3.35,5.51,-2.16,137,589,589,504,86,139,28,1,29,256,95,6,3,73,6,3,117,11,0,6,0.276,0.370,0.508,0.878,0.045,142.3,/player/?m=playerinfo&p_no=12991,12991
2019,SK_SSG,3,고종욱,19  LF,3.07,3.27,-0.21,137,513,512,492,76,159,25,7,3,207,56,31,10,18,1,1,89,5,0,2,0.323,0.347,0.421,0.768,0.012,113.8,/player/?m=playerinfo&p_no=10659,10659
2019,SK_SSG,4,김강민,19  CF,2.13,0.88,1.25,127,460,458,422,54,114,14,2,8,156,50,15,8,31,4,3,103,2,0,3,0.270,0.324,0.370,0.694,-0.030,78.5,/player/?m=playerinfo&p_no=10108,10108
2019,SK_SSG,5,노수광,19  LF,2.01,1.28,0.73,117,445,436,388,69,97,16,1,2,121,28,27,10,46,2,0,68,1,9,0,0.250,0.333,0.312,0.645,-0.024,84.1,/player/?m=playerinfo&p_no=11268,11268
2019,SK_SSG,6,한동민,19  RF,1.76,2.82,-1.06,125,502,500,427,52,113,20,0,12,169,52,0,1,55,20,4,100,6,0,0,0.265,0.375,0.396,0.771,0.010,111.9,/player/?m=playerinfo&p_no=10815,10815
2019,SK_SSG,7,정의윤,19  LF,1.51,2.50,-0.98,110,419,417,380,44,107,24,0,13,170,59,0,0,30,6,1,60,9,0,2,0.282,0.342,0.447,0.789,0.010,112.0,/player/?m=playerinfo&p_no=10655,10655
2019,SK_SSG,8,이재원,19  C,0.74,1.95,-1.21,139,502,500,451,33,121,19,0,12,176,75,1,0,34,9,2,59,16,1,7,0.268,0.327,0.390,0.717,-0.010,95.5,/player/?m=playerinfo&p_no=10082,10082
2019,SK_SSG,9,김성현,19  SS,0.00,0.30,-0.31,144,472,464,426,45,105,16,2,1,128,34,6,2,33,2,0,43,15,8,3,0.246,0.302,0.300,0.602,-0.045,66.5,/player/?m=playerinfo&p_no=10636,10636
2019,넥센_키움,1,박병호,19  1B,7.80,7.21,0.59,122,532,528,432,92,121,22,0,33,242,98,0,1,78,13,5,117,7,0,9,0.280,0.398,0.560,0.958,0.088,178.1,/player/?m=playerinfo&p_no=10470,10470
2019,넥센_키움,2,김하성,19  SS,7.08,6.90,0.18,139,625,622,540,112,166,38,2,19,265,104,33,4,70,7,4,80,12,1,7,0.307,0.389,0.491,0.880,0.055,150.0,/player/?m=playerinfo&p_no=11224,11224
2019,넥센_키움,3,샌즈,19  RF,4.86,7.55,-2.69,139,613,612,525,100,160,39,1,28,285,113,1,2,77,6,1,101,17,0,5,0.305,0.396,0.543,0.939,0.074,166.7,/player/?m=playerinfo&p_no=13288,13288
2019,넥센_키움,4,이정후,19  LF,4.53,5.30,-0.77,140,630,627,574,91,193,31,10,6,262,68,13,7,45,4,0,40,15,3,4,0.336,0.386,0.456,0.842,0.038,135.6,/player/?m=playerinfo&p_no=12906,12906
2019,넥센_키움,5,박동원,19  C,3.56,2.69,0.87,112,361,354,317,50,94,15,1,10,141,55,1,0,34,2,0,56,10,7,1,0.297,0.367,0.445,0.812,0.027,126.4,/player/?m=playerinfo&p_no=10387,10387
2019,넥센_키움,6,김혜성,19  2B,3.06,1.60,1.45,122,387,383,348,57,96,16,7,0,126,32,20,3,29,2,1,85,4,4,4,0.276,0.332,0.362,0.694,-0.014,91.8,/player/?m=playerinfo&p_no=12905,12905
2019,넥센_키움,7,서건창,19  2B,2.53,2.96,-0.43,113,486,482,426,67,128,23,3,2,163,41,17,3,49,3,1,50,5,3,5,0.300,0.373,0.383,0.756,0.009,111.6,/player/?m=playerinfo&p_no=10855,10855
2019,넥센_키움,8,이지영,19  C,0.73,0.39,0.34,106,331,325,308,40,87,5,1,1,97,39,5,1,15,1,1,28,14,6,1,0.282,0.317,0.315,0.632,-0.038,71.9,/player/?m=playerinfo&p_no=10312,10312
2019,넥센_키움,9,송성문,19  3B,-0.01,-0.12,0.11,103,335,331,308,33,70,12,5,3,101,34,2,1,19,0,0,53,7,4,4,0.227,0.269,0.328,0.597,-0.054,58.6,/player/?m=playerinfo&p_no=11376,11376
2019,넥센_키움,10,임병욱,19  CF,-0.06,0.55,-0.61,117,419,413,379,39,92,17,5,0,119,41,10,2,23,11,0,110,6,6,0,0.243,0.305,0.314,0.619,-0.040,70.1,/player/?m=playerinfo&p_no=11226,11226
2019,넥센_키움,11,장영석,19  3B,-0.46,0.90,-1.36,119,413,413,372,41,92,15,0,7,128,62,0,0,27,9,0,77,14,0,5,0.247,0.310,0.344,0.654,-0.028,80.2,/player/?m=playerinfo&p_no=10404,10404
2019,NC,1,양의지,19  C,6.21,6.20,0.00,118,459,455,390,61,138,26,0,20,224,68,4,3,48,15,4,43,13,0,6,0.354,0.438,0.574,1.012,0.086,176.6,/player/?m=playerinfo&p_no=10165,10165
2019,NC,2,박민우,19  2B,5.83,4.70,1.13,125,526,523,468,89,161,23,8,1,203,45,18,7,41,9,1,40,10,2,6,0.344,0.403,0.434,0.837,0.039,136.6,/player/?m=playerinfo&p_no=11137,11137
2019,NC,3,노진혁,19  SS,4.07,2.06,2.01,110,390,383,348,51,92,23,2,13,158,43,0,1,31,2,2,80,7,6,3,0.264,0.326,0.454,0.780,0.004,106.9,/player/?m=playerinfo&p_no=11165,11165
2019,NC,4,박석민,19  3B,3.06,3.99,-0.93,112,444,439,360,49,96,17,1,19,172,74,1,2,65,12,2,69,17,4,3,0.267,0.393,0.478,0.871,0.045,141.8,/player/?m=playerinfo&p_no=10322,10322
2019,NC,5,김태진,19  LF,2.64,1.23,1.42,123,399,394,374,44,103,14,5,5,142,46,12,4,16,1,0,67,3,5,3,0.275,0.305,0.380,0.685,-0.018,88.9,/player/?m=playerinfo&p_no=11244,11244
2019,NC,6,권희동,19  RF,1.99,2.42,-0.44,116,413,407,348,37,89,17,0,6,124,41,3,0,50,7,1,60,10,5,3,0.256,0.358,0.356,0.714,0.008,110.4,/player/?m=playerinfo&p_no=11172,11172
2019,NC,7,모창민,19  1B,1.32,2.33,-1.01,101,386,385,341,49,104,21,2,10,159,55,3,2,31,3,1,62,8,0,11,0.305,0.358,0.466,0.824,0.013,114.6,/player/?m=playerinfo&p_no=10093,10093
2019,NC,8,김성욱,19  CF,1.21,0.80,0.41,116,333,323,287,38,66,16,1,9,111,36,6,4,29,3,1,69,4,9,5,0.230,0.302,0.387,0.689,-0.026,82.4,/player/?m=playerinfo&p_no=11153,11153
2019,KT,1,로하스,19  LF,6.47,6.62,-0.15,142,578,577,521,68,168,30,3,24,276,104,4,4,49,3,5,120,4,0,5,0.322,0.381,0.530,0.911,0.066,159.8,/player/?m=playerinfo&p_no=12995,12995
2019,KT,2,황재균,19  3B,6.16,3.85,2.31,124,507,505,448,78,127,16,3,20,209,67,10,7,52,2,2,71,10,0,5,0.283,0.357,0.467,0.824,0.029,128.2,/player/?m=playerinfo&p_no=10407,10407
2019,KT,3,강백호,19  RF,4.62,5.69,-1.07,116,505,501,438,72,147,29,1,13,217,65,9,5,61,2,4,87,11,0,4,0.336,0.416,0.495,0.911,0.063,157.2,/player/?m=playerinfo&p_no=13168,13168
2019,KT,4,심우준,19  SS,4.07,1.40,2.67,138,433,421,391,54,109,13,1,3,133,28,24,3,23,6,0,68,7,12,1,0.279,0.328,0.340,0.668,-0.025,83.1,/player/?m=playerinfo&p_no=11334,11334
2019,KT,5,박경수,19  2B,3.74,1.87,1.87,137,490,485,421,43,104,24,0,10,158,65,0,1,55,4,1,102,14,4,6,0.247,0.335,0.375,0.710,-0.010,95.1,/player/?m=playerinfo&p_no=10469,10469
2019,KT,6,유한준,19  RF,3.03,4.71,-1.69,139,562,561,501,61,159,19,1,14,222,86,3,0,52,4,1,61,20,0,5,0.317,0.383,0.443,0.826,0.033,132.0,/player/?m=playerinfo&p_no=10627,10627
2019,KT,7,김민혁,19  LF,2.26,1.50,0.76,127,521,516,466,68,131,10,1,0,143,32,22,10,32,13,0,61,8,5,5,0.281,0.341,0.307,0.648,-0.022,85.4,/player/?m=playerinfo&p_no=11339,11339
2019,KT,8,장성우,19  C,1.82,0.61,1.21,127,413,407,366,25,96,7,0,7,124,41,0,1,35,2,2,86,11,4,6,0.262,0.325,0.339,0.664,-0.027,80.8,/player/?m=playerinfo&p_no=10235,10235
2019,KT,9,오태곤,19  1B,1.17,1.45,-0.29,123,392,389,352,63,88,16,1,6,124,35,19,2,31,4,0,78,8,3,2,0.250,0.316,0.352,0.668,-0.019,87.8,/player/?m=playerinfo&p_no=10249,10249
2020,삼성,1,박해민,20  CF,5.48,2.01,3.48,132,541,534,489,84,142,18,5,11,203,55,34,12,39,3,1,77,7,7,3,0.290,0.345,0.415,0.760,-0.015,91.6,/player/?m=playerinfo&p_no=11190,11190
2020,삼성,2,구자욱,20  RF,3.96,3.81,0.15,118,510,508,446,70,137,27,2,15,213,78,19,5,51,8,3,91,4,1,4,0.307,0.385,0.478,0.863,0.029,124.9,/player/?m=playerinfo&p_no=10892,10892
2020,삼성,3,강민호,20  C,3.11,2.17,0.94,119,393,392,355,46,102,14,0,19,173,61,0,0,31,4,2,54,17,0,3,0.287,0.349,0.487,0.836,0.008,108.7,/player/?m=playerinfo&p_no=10232,10232
2020,삼성,4,김상수,20  2B,3.06,3.19,-0.13,120,471,469,404,71,123,18,3,5,162,47,10,3,55,8,1,55,16,2,2,0.304,0.397,0.401,0.798,0.020,118.0,/player/?m=playerinfo&p_no=10320,10320
2020,삼성,5,김동엽,20  LF,1.85,2.80,-0.95,115,451,450,413,60,129,21,0,20,210,74,4,4,29,4,0,79,14,1,4,0.312,0.360,0.508,0.868,0.017,115.4,/player/?m=playerinfo&p_no=12548,12548
2020,삼성,6,이원석,20  3B,0.14,1.75,-1.61,121,467,466,403,46,108,17,0,13,164,74,0,1,49,2,1,82,7,1,12,0.268,0.341,0.407,0.748,-0.010,95.2,/player/?m=playerinfo&p_no=10180,10180
2020,KIA,1,최형우,20  DH,6.59,7.57,-0.98,140,600,596,522,93,185,37,1,28,308,115,0,0,70,5,5,101,9,0,3,0.354,0.433,0.590,1.023,0.089,169.8,/player/?m=playerinfo&p_no=10344,10344
2020,KIA,2,터커,20  RF,3.46,5.96,-2.51,142,631,628,542,100,166,40,0,32,302,113,0,2,76,9,3,67,12,0,4,0.306,0.398,0.557,0.955,0.055,144.2,/player/?m=playerinfo&p_no=14224,14224
2020,KIA,3,김선빈,20  2B,2.43,2.52,-0.09,85,351,350,303,42,100,19,0,1,122,37,1,1,40,2,0,43,12,1,5,0.330,0.406,0.403,0.809,0.027,123.4,/player/?m=playerinfo&p_no=10008,10008
2020,KIA,4,나지완,20  LF,2.01,3.85,-1.84,137,556,556,468,73,136,19,1,17,208,92,0,0,64,18,1,114,6,0,6,0.291,0.392,0.444,0.836,0.024,121.3,/player/?m=playerinfo&p_no=10030,10030
2020,KIA,5,최원준,20  CF,1.08,3.02,-1.94,123,412,403,359,72,117,16,6,2,151,35,14,3,33,6,0,35,1,9,5,0.326,0.387,0.421,0.808,0.026,122.0,/player/?m=playerinfo&p_no=12534,12534
2020,KIA,6,유민상,20  1B,-0.25,1.36,-1.62,126,456,453,391,38,96,23,0,8,143,65,0,0,53,6,1,80,14,2,4,0.246,0.341,0.366,0.707,-0.017,90.0,/player/?m=playerinfo&p_no=10895,10895
2020,KIA,7,박찬호,20  SS,-0.77,-1.32,0.55,141,531,519,480,63,107,16,0,3,132,36,15,8,36,0,0,87,14,12,3,0.223,0.276,0.275,0.551,-0.082,41.6,/player/?m=playerinfo&p_no=11261,11261
2020,롯데,1,손아섭,20  RF,5.49,5.78,-0.29,141,611,608,540,98,190,43,0,11,266,85,5,0,61,2,4,56,9,1,7,0.352,0.415,0.493,0.908,0.051,141.6,/player/?m=playerinfo&p_no=10261,10261
2020,롯데,2,마차도,20  SS,4.53,3.09,1.43,144,560,554,486,79,136,31,1,12,205,67,15,1,54,8,2,60,20,4,8,0.280,0.356,0.422,0.778,0.006,107.0,/player/?m=playerinfo&p_no=14629,14629
2020,롯데,3,전준우,20  LF,3.27,3.61,-0.34,143,628,625,562,95,157,34,1,26,271,96,5,5,52,8,0,79,21,3,3,0.279,0.347,0.482,0.829,0.012,112.2,/player/?m=playerinfo&p_no=10266,10266
2020,롯데,4,한동희,20  3B,2.74,2.43,0.31,135,531,526,461,62,128,22,0,17,201,67,0,3,57,5,0,97,15,5,3,0.278,0.361,0.436,0.797,0.003,105.0,/player/?m=playerinfo&p_no=13145,13145
2020,롯데,5,정훈,20  1B,2.29,3.17,-0.87,111,476,474,410,72,121,19,1,11,175,58,11,1,56,4,0,85,8,2,4,0.295,0.382,0.427,0.809,0.018,116.2,/player/?m=playerinfo&p_no=10253,10253
2020,롯데,6,김준태,20  C,2.18,0.71,1.48,128,369,366,306,38,69,12,2,5,100,43,2,2,56,1,0,64,5,3,3,0.225,0.344,0.327,0.671,-0.026,83.0,/player/?m=playerinfo&p_no=10835,10835
2020,롯데,7,이대호,20  DH,1.89,3.05,-1.16,144,611,606,542,67,158,27,0,20,245,110,1,0,53,5,9,68,21,0,11,0.292,0.354,0.452,0.806,0.005,106.9,/player/?m=playerinfo&p_no=10251,10251
2020,롯데,8,안치홍,20  2B,0.71,1.62,-0.91,124,460,454,412,49,118,28,0,8,170,54,14,3,35,7,2,47,11,4,2,0.286,0.351,0.413,0.764,-0.016,90.6,/player/?m=playerinfo&p_no=10014,10014
2020,롯데,9,민병헌,20  CF,-1.35,-0.48,-0.87,109,342,336,309,42,72,12,0,2,90,23,10,6,21,5,1,62,12,5,2,0.233,0.291,0.291,0.582,-0.063,55.3,/player/?m=playerinfo&p_no=10188,10188
2020,LG,1,오지환,20  SS,7.41,3.87,3.54,141,591,585,527,95,158,41,7,10,243,71,20,8,45,9,1,116,4,5,5,0.300,0.362,0.461,0.823,0.018,116.1,/player/?m=playerinfo&p_no=10475,10475
2020,LG,2,홍창기,20  RF,5.10,4.08,1.03,135,507,503,408,87,114,29,6,5,170,39,11,5,83,10,1,87,8,3,3,0.279,0.411,0.417,0.828,0.037,130.6,/player/?m=playerinfo&p_no=12546,12546
2020,LG,3,김현수,20  LF,4.97,6.29,-1.31,142,619,619,547,98,181,35,2,22,286,119,0,2,63,2,7,53,9,0,7,0.331,0.397,0.523,0.920,0.063,150.4,/player/?m=playerinfo&p_no=10187,10187
2020,LG,4,라모스,20  1B,4.81,5.62,-0.81,117,494,493,431,74,120,17,2,38,255,86,2,0,55,4,5,136,7,0,4,0.278,0.362,0.592,0.954,0.076,160.2,/player/?m=playerinfo&p_no=14592,14592
2020,LG,5,이형종,20  LF,2.98,3.09,-0.11,81,323,322,287,41,85,17,2,17,157,50,1,0,27,7,1,61,7,0,2,0.296,0.368,0.547,0.915,0.050,140.8,/player/?m=playerinfo&p_no=12516,12516
2020,LG,6,채은성,20  RF,1.99,2.83,-0.84,109,464,464,416,59,122,17,2,15,188,88,0,3,32,9,1,69,12,0,7,0.293,0.351,0.452,0.803,0.016,115.2,/player/?m=playerinfo&p_no=11215,11215
2020,LG,7,유강남,20  C,1.37,1.95,-0.58,137,478,475,429,51,112,18,0,16,178,74,1,1,32,13,1,84,18,2,2,0.261,0.330,0.415,0.745,-0.006,98.6,/player/?m=playerinfo&p_no=10753,10753
2020,LG,8,정주현,20  2B,0.60,0.44,0.16,134,371,362,328,50,81,10,4,4,111,30,8,7,29,3,0,63,6,9,2,0.247,0.312,0.338,0.650,-0.033,78.2,/player/?m=playerinfo&p_no=10480,10480
2020,LG,9,김민성,20  3B,0.54,1.01,-0.47,87,333,328,297,29,79,20,0,5,114,47,2,1,24,4,2,66,8,4,4,0.266,0.325,0.384,0.709,-0.018,89.5,/player/?m=playerinfo&p_no=10238,10238
2020,LG,10,이천웅,20  CF,0.08,0.68,-0.60,89,359,357,312,44,80,11,2,3,104,36,8,5,35,4,0,44,7,2,6,0.256,0.333,0.333,0.666,-0.031,79.0,/player/?m=playerinfo&p_no=10935,10935
2020,두산,1,최주환,20  2B,5.30,4.61,0.68,140,574,570,509,63,156,29,4,16,241,88,2,2,47,7,5,66,7,1,10,0.306,0.366,0.473,0.839,0.038,131.3,/player/?m=playerinfo&p_no=10182,10182
2020,두산,2,페르난데스,20  DH,4.96,6.42,-1.45,144,668,667,586,104,199,29,0,21,291,105,0,1,58,13,1,42,26,0,11,0.340,0.404,0.497,0.901,0.055,144.8,/player/?m=playerinfo&p_no=13927,13927
2020,두산,3,박건우,20  RF,4.21,4.56,-0.34,129,551,547,487,103,148,40,0,14,230,70,8,2,42,12,2,65,9,3,7,0.304,0.369,0.472,0.841,0.038,131.7,/player/?m=playerinfo&p_no=10189,10189
2020,두산,4,허경민,20  3B,4.21,3.09,1.11,117,487,484,437,70,145,25,1,7,193,58,14,6,35,5,2,28,10,3,7,0.332,0.382,0.442,0.824,0.018,116.2,/player/?m=playerinfo&p_no=10184,10184
2020,두산,5,김재환,20  LF,3.58,5.34,-1.76,140,614,613,516,82,137,26,1,30,255,113,6,0,91,1,3,154,14,0,6,0.266,0.373,0.494,0.867,0.043,135.6,/player/?m=playerinfo&p_no=10643,10643
2020,두산,6,정수빈,20  CF,3.35,3.09,0.26,141,559,552,490,84,146,17,8,5,194,59,15,6,55,2,3,56,10,7,5,0.298,0.368,0.396,0.764,0.008,109.0,/player/?m=playerinfo&p_no=10195,10195
2020,두산,7,오재일,20  1B,2.75,4.34,-1.59,127,534,533,471,62,147,32,0,16,227,89,2,1,61,0,1,92,12,0,2,0.312,0.390,0.482,0.872,0.039,132.5,/player/?m=playerinfo&p_no=10400,10400
2020,두산,8,김재호,20  SS,2.14,2.02,0.12,120,458,455,402,48,116,15,1,2,139,39,6,2,45,4,1,45,17,2,5,0.289,0.362,0.346,0.708,-0.004,100.0,/player/?m=playerinfo&p_no=10174,10174
2020,두산,9,박세혁,20  C,2.07,1.48,0.59,124,423,414,360,47,97,18,2,4,131,51,5,3,35,12,0,45,7,9,7,0.269,0.348,0.364,0.712,-0.015,91.6,/player/?m=playerinfo&p_no=10891,10891
2020,한화,1,최재훈,20  C,3.52,2.30,1.22,126,389,384,339,46,102,19,0,3,130,36,0,0,29,16,0,44,7,5,0,0.301,0.383,0.383,0.766,0.015,114.1,/player/?m=playerinfo&p_no=10170,10170
2020,한화,2,정진호,20  RF,2.12,1.09,1.03,113,326,315,282,30,78,14,1,2,100,19,9,7,29,3,1,50,5,10,2,0.277,0.348,0.355,0.703,-0.009,96.2,/player/?m=playerinfo&p_no=10645,10645
2020,한화,3,반즈,20  RF,2.01,1.67,0.34,74,319,318,283,38,75,17,1,9,121,42,2,1,27,7,1,81,4,0,2,0.265,0.342,0.428,0.770,0.005,106.6,/player/?m=playerinfo&p_no=14741,14741
2020,한화,4,이용규,20  CF,0.72,2.21,-1.49,120,487,485,419,60,120,14,2,1,141,32,17,8,59,6,0,36,9,2,1,0.286,0.381,0.337,0.718,-0.003,100.7,/player/?m=playerinfo&p_no=10035,10035
2020,한화,5,노시환,20  3B,0.39,0.46,-0.06,106,387,385,346,46,76,18,2,12,134,43,0,1,33,6,1,116,8,1,1,0.220,0.298,0.387,0.685,-0.038,73.8,/player/?m=playerinfo&p_no=14125,14125
2020,SK_SSG,1,최정,20  3B,5.33,4.99,0.34,133,553,553,452,90,122,22,0,33,243,96,8,3,75,20,1,98,7,0,6,0.270,0.392,0.538,0.930,0.047,138.5,/player/?m=playerinfo&p_no=10106,10106
2020,SK_SSG,2,로맥,20  1B,5.01,5.66,-0.65,139,586,583,485,85,137,32,0,32,265,91,4,2,91,6,5,116,5,0,4,0.282,0.399,0.546,0.945,0.055,144.4,/player/?m=playerinfo&p_no=12991,12991
2020,SK_SSG,3,김강민,20  CF,1.87,1.28,0.60,122,327,320,289,39,73,11,1,12,122,45,7,5,27,4,2,62,10,5,2,0.253,0.323,0.422,0.745,-0.006,98.0,/player/?m=playerinfo&p_no=10108,10108
2020,SK_SSG,4,김성현,20  SS,1.85,0.77,1.08,133,392,381,343,34,93,9,1,2,110,25,1,1,30,5,0,27,10,11,3,0.271,0.336,0.321,0.657,-0.028,81.7,/player/?m=playerinfo&p_no=10636,10636
2020,SK_SSG,5,최지훈,20  RF,1.71,0.63,1.09,127,520,512,466,66,120,19,5,1,152,27,18,6,38,5,0,80,4,8,3,0.258,0.318,0.326,0.644,-0.041,71.8,/player/?m=playerinfo&p_no=14587,14587
2020,넥센_키움,1,김하성,20  SS,8.10,7.29,0.82,138,622,617,533,111,163,24,1,30,279,109,23,2,75,8,3,68,12,3,3,0.306,0.397,0.523,0.920,0.071,156.1,/player/?m=playerinfo&p_no=11224,11224
2020,넥센_키움,2,이정후,20  LF,7.24,6.12,1.13,140,617,611,544,85,181,49,5,15,285,101,12,2,59,4,6,47,16,2,8,0.333,0.397,0.524,0.921,0.055,143.9,/player/?m=playerinfo&p_no=12906,12906
2020,넥센_키움,3,김혜성,20  2B,3.41,2.20,1.21,142,553,551,499,80,142,24,6,7,199,61,25,8,46,2,0,94,6,2,4,0.285,0.345,0.399,0.744,-0.011,94.3,/player/?m=playerinfo&p_no=12905,12905
2020,넥센_키움,4,서건창,20  2B,3.40,3.41,-0.01,135,595,589,484,79,134,28,5,5,187,52,24,10,91,5,1,58,8,5,10,0.277,0.390,0.386,0.776,0.013,112.3,/player/?m=playerinfo&p_no=10855,10855
2020,넥센_키움,5,박병호,20  1B,2.42,2.77,-0.35,93,383,382,309,56,69,7,0,21,139,66,0,0,57,9,2,114,8,0,8,0.223,0.352,0.450,0.802,0.028,124.4,/player/?m=playerinfo&p_no=10470,10470
2020,넥센_키움,6,박준태,20  RF,2.16,2.37,-0.21,128,443,434,347,71,85,13,1,5,115,29,5,1,65,19,0,120,4,9,3,0.245,0.389,0.331,0.720,0.005,106.6,/player/?m=playerinfo&p_no=11260,11260
2020,넥센_키움,7,박동원,20  C,2.03,1.89,0.14,112,372,370,324,45,81,21,0,12,138,50,0,0,38,6,0,68,10,2,2,0.250,0.338,0.426,0.764,0.005,106.3,/player/?m=playerinfo&p_no=10387,10387
2020,넥센_키움,8,전병우,20  3B,1.01,0.30,0.71,119,402,400,359,46,85,13,3,8,128,48,7,0,37,2,0,100,7,2,2,0.237,0.310,0.357,0.667,-0.046,68.1,/player/?m=playerinfo&p_no=11422,11422
2020,넥센_키움,9,허정협,20  LF,1.01,1.43,-0.43,111,360,357,314,45,84,12,0,10,126,43,0,0,40,2,0,73,7,3,1,0.268,0.353,0.401,0.754,-0.008,96.8,/player/?m=playerinfo&p_no=11498,11498
2020,NC,1,양의지,20  C,6.63,5.37,1.26,130,528,521,461,86,151,26,1,33,278,124,5,2,46,14,7,47,11,1,6,0.328,0.400,0.603,1.003,0.062,149.4,/player/?m=playerinfo&p_no=10165,10165
2020,NC,2,박민우,20  2B,5.99,4.17,1.82,126,530,526,467,82,161,27,5,8,222,63,13,6,36,15,2,48,12,2,10,0.345,0.402,0.475,0.877,0.036,129.7,/player/?m=playerinfo&p_no=11137,11137
2020,NC,3,나성범,20  DH,5.21,5.81,-0.60,130,584,582,525,115,170,37,2,34,313,112,3,1,49,9,2,148,6,0,1,0.324,0.390,0.596,0.986,0.058,146.4,/player/?m=playerinfo&p_no=11162,11162
2020,NC,4,노진혁,20  SS,4.59,2.83,1.76,132,484,480,427,70,117,22,3,20,205,82,0,4,49,5,3,106,8,3,0,0.274,0.356,0.480,0.836,0.015,114.0,/player/?m=playerinfo&p_no=11165,11165
2020,NC,5,알테어,20  CF,3.22,4.27,-1.05,136,546,544,482,90,134,20,7,31,261,108,22,3,46,12,3,149,10,0,6,0.278,0.352,0.541,0.893,0.029,124.5,/player/?m=playerinfo&p_no=14599,14599
2020,NC,6,박석민,20  3B,3.10,4.21,-1.11,123,448,444,356,58,109,15,0,14,166,63,0,1,75,10,2,62,11,2,4,0.306,0.436,0.466,0.902,0.054,143.2,/player/?m=playerinfo&p_no=10322,10322
2020,NC,7,권희동,20  RF,2.75,2.45,0.30,123,426,420,346,67,90,16,0,12,142,50,3,0,58,11,0,72,6,6,5,0.260,0.379,0.410,0.789,0.010,110.1,/player/?m=playerinfo&p_no=11172,11172
2020,NC,8,이명기,20  LF,2.58,2.88,-0.29,136,540,535,477,82,146,18,3,2,176,45,12,7,50,4,0,78,6,5,4,0.306,0.374,0.369,0.743,0.007,108.2,/player/?m=playerinfo&p_no=10119,10119
2020,NC,9,강진성,20  1B,1.78,2.23,-0.45,121,432,430,395,53,122,25,0,12,183,70,9,1,20,9,0,46,11,2,6,0.309,0.351,0.463,0.814,0.001,103.7,/player/?m=playerinfo&p_no=11148,11148
2020,KT,1,로하스,20  RF,9.40,9.16,0.24,142,628,625,550,116,192,39,1,47,374,135,0,1,65,5,5,132,11,0,8,0.349,0.417,0.680,1.097,0.111,187.2,/player/?m=playerinfo&p_no=12995,12995
2020,KT,2,강백호,20  1B,5.81,6.00,-0.20,129,574,568,500,95,165,36,1,23,272,89,7,2,66,5,9,93,7,0,3,0.330,0.411,0.544,0.955,0.065,151.5,/player/?m=playerinfo&p_no=13168,13168
2020,KT,3,황재균,20  3B,5.70,4.78,0.92,134,600,597,541,108,169,35,5,21,277,97,11,6,47,5,0,98,12,3,4,0.312,0.370,0.512,0.882,0.036,130.0,/player/?m=playerinfo&p_no=10407,10407
2020,KT,4,배정대,20  CF,4.87,3.69,1.18,144,615,610,533,88,154,25,3,13,224,65,22,13,68,5,0,142,9,5,4,0.289,0.372,0.420,0.792,0.016,114.8,/player/?m=playerinfo&p_no=11212,11212
2020,KT,5,장성우,20  C,3.65,1.61,2.03,130,455,445,400,39,111,15,0,13,165,79,0,0,38,1,0,64,15,10,6,0.278,0.337,0.413,0.750,-0.011,94.3,/player/?m=playerinfo&p_no=10235,10235
2020,KT,6,박경수,20  2B,2.90,2.52,0.39,119,391,387,324,33,91,17,0,13,147,59,0,1,48,9,2,96,14,3,7,0.281,0.381,0.454,0.835,0.024,120.5,/player/?m=playerinfo&p_no=10469,10469
2020,KT,7,조용호,20  LF,2.68,2.67,0.01,132,482,477,409,73,121,15,0,0,136,32,12,3,64,2,1,83,6,5,2,0.296,0.392,0.333,0.725,0.007,107.7,/player/?m=playerinfo&p_no=12943,12943
2020,KT,8,유한준,20  RF,1.09,1.77,-0.68,119,428,427,386,48,108,17,0,11,158,64,0,0,40,0,2,51,9,1,1,0.280,0.347,0.409,0.756,-0.005,99.1,/player/?m=playerinfo&p_no=10627,10627
2020,KT,9,심우준,20  SS,0.57,-0.53,1.10,144,535,519,476,58,112,16,3,3,143,51,35,11,37,2,0,98,7,16,4,0.235,0.291,0.300,0.591,-0.070,51.1,/player/?m=playerinfo&p_no=11334,11334
2021,삼성,1,구자욱,21  RF,5.56,5.20,0.36,139,610,609,543,107,166,30,10,22,282,88,27,4,48,6,3,98,9,1,12,0.306,0.361,0.519,0.880,0.031,129.0,/player/?m=playerinfo&p_no=10892,10892
2021,삼성,2,박해민,21  CF,4.19,3.21,0.98,127,542,532,454,78,132,22,1,5,171,54,36,15,69,3,2,82,3,9,7,0.291,0.383,0.377,0.760,0.012,112.7,/player/?m=playerinfo&p_no=11190,11190
2021,삼성,3,강민호,21  C,3.91,3.22,0.69,123,462,460,406,55,118,22,0,18,194,67,0,0,45,4,4,53,18,0,7,0.291,0.361,0.478,0.839,0.020,120.0,/player/?m=playerinfo&p_no=10232,10232
2021,삼성,4,피렐라,21  LF,3.10,4.44,-1.34,140,621,619,553,102,158,25,2,29,274,97,9,6,57,8,2,89,8,0,3,0.286,0.359,0.495,0.854,0.026,124.2,/player/?m=playerinfo&p_no=14757,14757
2021,삼성,5,오재일,21  1B,2.88,3.08,-0.19,120,484,478,418,64,119,20,0,25,214,97,1,0,58,0,8,106,5,0,8,0.285,0.366,0.512,0.878,0.018,117.9,/player/?m=playerinfo&p_no=10400,10400
2021,삼성,6,김지찬,21  2B,1.23,0.61,0.62,120,336,326,296,50,81,6,0,1,90,26,23,4,27,0,0,31,0,10,3,0.274,0.331,0.304,0.635,-0.038,73.1,/player/?m=playerinfo&p_no=14618,14618
2021,삼성,7,김헌곤,21  LF,1.08,1.69,-0.61,118,364,361,317,38,89,8,2,4,113,27,5,4,34,5,0,46,9,3,5,0.281,0.355,0.356,0.711,0.000,103.4,/player/?m=playerinfo&p_no=10640,10640
2021,삼성,8,이원석,21  3B,1.01,1.42,-0.42,131,480,478,399,40,92,19,0,9,138,59,1,0,60,11,2,80,11,2,8,0.231,0.341,0.346,0.687,-0.017,89.5,/player/?m=playerinfo&p_no=10180,10180
2021,삼성,9,김상수,21  2B,0.28,0.54,-0.26,132,496,488,429,46,101,17,1,3,129,42,4,2,52,3,0,51,14,8,4,0.235,0.320,0.301,0.621,-0.037,74.1,/player/?m=playerinfo&p_no=10320,10320
2021,KIA,1,최원준,21  CF,3.60,3.94,-0.34,143,668,664,589,82,174,21,6,4,219,44,40,13,61,11,0,68,7,4,3,0.295,0.370,0.372,0.742,0.008,110.0,/player/?m=playerinfo&p_no=12534,12534
2021,KIA,2,김선빈,21  2B,2.70,3.43,-0.73,130,564,561,501,55,154,32,0,5,201,67,0,0,56,1,2,39,19,1,5,0.307,0.375,0.401,0.776,0.015,115.8,/player/?m=playerinfo&p_no=10008,10008
2021,KIA,3,류지혁,21  SS,2.01,1.65,0.35,92,327,324,273,37,76,8,0,2,90,34,0,0,42,7,1,46,7,2,3,0.278,0.385,0.330,0.715,0.003,105.7,/player/?m=playerinfo&p_no=10894,10894
2021,KIA,4,박찬호,21  SS,1.87,0.89,0.98,131,483,475,418,51,103,15,5,1,131,59,9,4,54,0,0,73,11,8,3,0.246,0.331,0.313,0.644,-0.030,79.4,/player/?m=playerinfo&p_no=11261,11261
2021,KIA,5,최형우,21  DH,1.51,2.43,-0.92,104,446,439,373,52,87,15,1,12,140,55,0,0,67,4,10,67,9,0,2,0.233,0.354,0.375,0.729,0.010,111.1,/player/?m=playerinfo&p_no=10344,10344
2021,KIA,6,김태진,21  3B,0.50,0.55,-0.05,99,414,408,381,43,105,12,5,1,130,36,8,5,23,0,1,64,7,6,4,0.276,0.314,0.341,0.655,-0.034,76.0,/player/?m=playerinfo&p_no=11244,11244
2021,KIA,7,터커,21  RF,0.35,1.46,-1.12,127,539,539,468,42,111,24,1,9,164,59,0,0,61,8,1,66,12,0,2,0.237,0.334,0.350,0.684,-0.019,88.1,/player/?m=playerinfo&p_no=14224,14224
2021,롯데,1,마차도,21  SS,4.24,2.26,1.99,134,539,535,466,83,130,21,1,5,168,58,8,5,58,4,1,65,9,4,7,0.279,0.359,0.361,0.720,-0.006,98.5,/player/?m=playerinfo&p_no=14629,14629
2021,롯데,2,전준우,21  LF,3.84,5.27,-1.43,144,619,618,552,88,192,46,0,7,259,92,6,3,53,5,0,71,10,1,8,0.348,0.405,0.469,0.874,0.038,134.4,/player/?m=playerinfo&p_no=10266,10266
2021,롯데,3,정훈,21  1B,3.11,3.75,-0.64,135,561,553,486,70,142,27,1,14,213,79,8,1,68,3,8,89,6,1,3,0.292,0.380,0.438,0.818,0.021,120.4,/player/?m=playerinfo&p_no=10253,10253
2021,롯데,4,안치홍,21  2B,2.94,3.67,-0.73,119,490,484,421,58,129,30,2,10,193,82,3,6,52,3,2,58,10,5,9,0.306,0.379,0.458,0.837,0.031,128.3,/player/?m=playerinfo&p_no=10014,10014
2021,롯데,5,한동희,21  3B,2.87,3.10,-0.23,129,496,494,424,54,113,24,0,17,188,69,0,1,61,6,1,95,21,1,4,0.267,0.364,0.443,0.807,0.019,118.5,/player/?m=playerinfo&p_no=13145,13145
2021,롯데,6,손아섭,21  RF,2.73,3.89,-1.15,139,610,605,542,88,173,29,2,3,215,58,11,6,61,3,3,67,15,3,1,0.319,0.390,0.397,0.787,0.016,116.6,/player/?m=playerinfo&p_no=10261,10261
2021,롯데,7,이대호,21  DH,0.88,2.32,-1.44,114,465,463,420,39,120,11,0,19,188,81,0,0,34,5,3,50,12,0,6,0.286,0.342,0.448,0.790,0.005,107.9,/player/?m=playerinfo&p_no=10251,10251
2021,LG,1,홍창기,21  CF,6.75,7.31,-0.56,144,651,647,524,103,172,26,2,4,214,52,23,8,109,16,4,95,6,0,2,0.328,0.456,0.408,0.864,0.062,153.6,/player/?m=playerinfo&p_no=12546,12546
2021,LG,2,오지환,21  SS,4.45,1.74,2.71,134,532,528,464,62,118,19,2,8,165,57,12,6,54,5,0,82,11,4,5,0.254,0.335,0.356,0.691,-0.014,91.9,/player/?m=playerinfo&p_no=10475,10475
2021,LG,3,김현수,21  LF,3.91,4.79,-0.88,140,595,592,506,70,144,23,1,17,220,96,3,0,77,3,5,42,7,0,9,0.285,0.376,0.435,0.811,0.035,131.4,/player/?m=playerinfo&p_no=10187,10187
2021,LG,4,채은성,21  RF,2.71,3.61,-0.90,110,448,446,387,59,107,20,0,16,175,82,4,2,38,16,2,80,9,0,7,0.276,0.359,0.452,0.811,0.033,129.9,/player/?m=playerinfo&p_no=11215,11215
2021,LG,5,김민성,21  3B,2.71,1.37,1.34,121,426,415,360,35,80,22,0,8,126,39,3,3,42,8,2,73,7,11,5,0.222,0.313,0.350,0.663,-0.013,92.8,/player/?m=playerinfo&p_no=10238,10238
2021,LG,6,유강남,21  C,2.43,1.92,0.51,130,441,437,397,39,100,16,0,11,149,60,2,0,25,14,1,75,11,3,2,0.252,0.317,0.375,0.692,-0.003,101.3,/player/?m=playerinfo&p_no=10753,10753
2021,LG,7,문보경,21  2B,1.78,1.46,0.31,107,329,326,278,37,64,11,1,8,101,39,3,1,46,0,1,64,5,3,2,0.230,0.337,0.363,0.700,-0.004,100.6,/player/?m=playerinfo&p_no=14137,14137
2021,두산,1,박건우,21  RF,4.95,5.74,-0.79,126,525,523,458,82,149,31,2,6,202,63,13,0,50,11,2,72,16,0,6,0.325,0.400,0.441,0.841,0.058,150.4,/player/?m=playerinfo&p_no=10189,10189
2021,두산,2,김재환,21  LF,4.77,6.22,-1.44,137,566,564,475,86,130,23,2,27,238,102,2,3,81,5,3,127,9,0,5,0.274,0.382,0.501,0.883,0.065,156.2,/player/?m=playerinfo&p_no=10643,10643
2021,두산,3,김인태,21  LF,3.42,2.28,1.14,133,418,413,344,51,89,15,1,8,130,46,0,2,62,3,0,67,10,5,4,0.259,0.373,0.378,0.751,0.009,110.5,/player/?m=playerinfo&p_no=11098,11098
2021,두산,4,페르난데스,21  1B,3.09,5.48,-2.39,141,617,614,540,73,170,24,0,15,239,81,0,2,65,6,3,35,25,0,6,0.315,0.391,0.443,0.834,0.044,139.2,/player/?m=playerinfo&p_no=13927,13927
2021,두산,5,강승호,21  SS,2.81,1.16,1.65,113,340,331,301,47,72,16,2,7,113,37,8,2,22,6,1,78,8,8,3,0.239,0.301,0.375,0.676,-0.019,88.3,/player/?m=playerinfo&p_no=11087,11087
2021,두산,6,박계범,21  SS,2.75,2.20,0.55,118,385,378,322,44,86,12,1,5,115,46,4,3,44,9,0,68,8,7,3,0.267,0.368,0.357,0.725,0.009,110.6,/player/?m=playerinfo&p_no=11198,11198
2021,두산,7,양석환,21  3B,2.38,4.22,-1.83,133,546,545,488,66,133,22,0,28,239,96,2,3,42,9,2,136,10,0,7,0.273,0.337,0.490,0.827,0.032,129.6,/player/?m=playerinfo&p_no=11213,11213
2021,두산,8,정수빈,21  CF,1.43,1.42,0.01,104,351,347,313,50,81,19,4,3,117,37,12,7,29,3,1,50,7,4,2,0.259,0.326,0.374,0.700,-0.010,95.6,/player/?m=playerinfo&p_no=10195,10195
2021,두산,9,허경민,21  3B,-1.19,1.76,-2.96,136,518,515,468,61,130,24,1,5,171,59,5,7,36,8,1,35,21,3,3,0.278,0.338,0.365,0.703,-0.011,94.6,/player/?m=playerinfo&p_no=10184,10184
2021,한화,1,최재훈,21  C,4.84,3.53,1.31,116,467,461,375,52,103,21,0,7,145,44,3,2,72,12,2,68,16,5,3,0.275,0.405,0.387,0.792,0.028,126.3,/player/?m=playerinfo&p_no=10170,10170
2021,한화,2,정은원,21  2B,4.46,4.71,-0.25,139,608,604,495,85,140,22,5,6,190,39,19,11,105,1,1,105,9,4,3,0.283,0.407,0.384,0.791,0.031,128.6,/player/?m=playerinfo&p_no=13137,13137
2021,한화,3,노시환,21  3B,4.21,3.76,0.46,107,458,451,380,56,103,18,1,18,177,84,5,2,73,1,9,107,15,0,4,0.271,0.386,0.466,0.852,0.035,131.0,/player/?m=playerinfo&p_no=14125,14125
2021,한화,4,하주석,21  SS,3.17,2.72,0.46,138,594,589,525,84,143,27,3,10,206,68,23,6,51,10,1,135,9,5,3,0.272,0.346,0.392,0.738,-0.004,100.0,/player/?m=playerinfo&p_no=10913,10913
2021,한화,5,장운호,21  CF,0.92,0.08,0.85,103,338,331,285,36,67,10,0,0,77,28,3,6,36,7,0,77,7,7,3,0.235,0.332,0.270,0.602,-0.043,69.4,/player/?m=playerinfo&p_no=11122,11122
2021,SK_SSG,1,최정,21  3B,7.04,6.55,0.50,134,555,552,436,92,121,17,1,35,245,100,8,6,84,22,3,102,9,1,12,0.278,0.410,0.562,0.972,0.070,159.8,/player/?m=playerinfo&p_no=10106,10106
2021,SK_SSG,2,박성한,21  SS,4.91,3.35,1.56,135,471,459,407,53,123,21,1,4,158,44,12,5,49,1,0,73,1,12,2,0.302,0.377,0.388,0.765,0.022,120.6,/player/?m=playerinfo&p_no=12922,12922
2021,SK_SSG,3,추신수,21  RF,3.99,5.33,-1.34,137,580,578,461,84,122,19,2,21,208,69,25,9,103,12,4,123,8,0,4,0.265,0.409,0.451,0.860,0.045,139.8,/player/?m=playerinfo&p_no=14888,14888
2021,SK_SSG,4,한유섬,21  RF,3.88,4.37,-0.49,135,519,517,442,71,123,18,1,31,236,95,1,0,60,10,4,96,11,1,6,0.278,0.373,0.534,0.907,0.036,133.0,/player/?m=playerinfo&p_no=10815,10815
2021,SK_SSG,5,최지훈,21  RF,2.84,1.89,0.95,136,534,526,461,75,121,19,6,5,167,45,26,6,51,8,0,71,6,8,6,0.262,0.342,0.362,0.704,-0.017,89.5,/player/?m=playerinfo&p_no=14587,14587
2021,SK_SSG,6,최주환,21  2B,2.52,2.29,0.23,116,470,468,406,50,104,16,0,18,174,67,2,1,53,9,4,84,7,0,2,0.256,0.353,0.429,0.782,0.002,105.2,/player/?m=playerinfo&p_no=10182,10182
2021,SK_SSG,7,로맥,21  1B,1.46,2.23,-0.77,107,421,421,355,55,80,11,0,20,151,52,1,0,59,4,1,83,9,0,3,0.225,0.340,0.425,0.765,0.005,107.4,/player/?m=playerinfo&p_no=12991,12991
2021,SK_SSG,8,이재원,21  C,1.38,1.06,0.32,107,313,306,271,29,76,13,0,3,98,30,0,2,29,5,4,47,14,6,2,0.280,0.358,0.362,0.720,-0.010,95.6,/player/?m=playerinfo&p_no=10082,10082
2021,넥센_키움,1,이정후,21  RF,6.75,6.75,0.00,123,544,543,464,78,167,42,6,7,242,84,10,3,62,9,1,37,8,0,9,0.360,0.438,0.522,0.960,0.076,164.9,/player/?m=playerinfo&p_no=12906,12906
2021,넥센_키움,2,이용규,21  CF,3.98,3.76,0.21,133,547,539,459,88,136,16,8,1,171,43,17,2,71,5,2,46,5,6,6,0.296,0.392,0.373,0.765,0.017,117.0,/player/?m=playerinfo&p_no=10035,10035
2021,넥센_키움,3,김혜성,21  2B,3.83,3.54,0.30,144,635,633,559,99,170,20,3,3,205,66,46,4,65,1,3,97,8,0,10,0.304,0.372,0.367,0.739,-0.001,102.3,/player/?m=playerinfo&p_no=12905,12905
2021,넥센_키움,4,박동원,21  C,3.14,3.28,-0.14,131,481,476,413,61,103,21,0,22,190,83,2,0,53,7,0,114,12,5,3,0.249,0.342,0.460,0.802,0.021,120.2,/player/?m=playerinfo&p_no=10387,10387
2021,넥센_키움,5,서건창,21  2B,2.09,1.63,0.46,76,333,330,278,45,72,12,1,4,98,28,6,4,45,6,2,44,9,1,3,0.259,0.370,0.353,0.723,0.001,104.2,/player/?m=playerinfo&p_no=10855,10855
2021,넥센_키움,6,박병호,21  1B,1.02,1.85,-0.83,118,477,475,409,48,93,23,0,20,176,76,0,1,47,14,3,141,9,0,7,0.227,0.323,0.430,0.753,-0.007,97.8,/player/?m=playerinfo&p_no=10470,10470
2021,NC,1,알테어,21  CF,5.81,5.10,0.71,143,565,564,492,83,134,19,2,32,253,84,20,5,57,11,2,156,6,0,5,0.272,0.358,0.514,0.872,0.040,136.1,/player/?m=playerinfo&p_no=14599,14599
2021,NC,2,양의지,21  C,5.51,6.76,-1.25,141,570,566,480,81,156,29,2,30,279,111,2,1,69,11,5,60,12,0,10,0.325,0.414,0.581,0.995,0.074,163.0,/player/?m=playerinfo&p_no=10165,10165
2021,NC,3,나성범,21  DH,3.41,4.19,-0.78,144,623,621,570,96,160,29,1,33,290,101,1,2,38,11,2,155,5,0,4,0.281,0.335,0.509,0.844,0.020,119.9,/player/?m=playerinfo&p_no=11162,11162
2021,NC,4,노진혁,21  SS,3.09,2.56,0.54,107,384,380,330,41,95,22,0,8,141,58,1,1,42,5,0,90,3,4,3,0.288,0.374,0.427,0.801,0.020,119.6,/player/?m=playerinfo&p_no=11165,11165
2021,NC,5,박준영,21  SS,0.54,0.41,0.13,111,315,312,273,37,57,7,2,8,92,31,4,3,27,10,0,92,9,3,2,0.209,0.301,0.337,0.638,-0.035,75.2,/player/?m=playerinfo&p_no=12522,12522
2021,NC,6,강진성,21  1B,-0.67,1.46,-2.12,124,462,456,406,49,101,20,0,7,142,38,9,3,36,14,2,68,12,4,2,0.249,0.330,0.350,0.680,-0.016,90.3,/player/?m=playerinfo&p_no=11148,11148
2021,KT,1,강백호,21  1B,7.26,7.67,-0.41,142,627,620,516,76,179,40,1,16,269,102,10,5,103,0,10,85,7,0,8,0.347,0.450,0.521,0.971,0.076,164.7,/player/?m=playerinfo&p_no=13168,13168
2021,KT,2,심우준,21  SS,3.54,1.62,1.92,139,460,449,407,61,109,20,2,6,151,48,16,6,32,4,0,65,2,10,6,0.268,0.323,0.371,0.694,-0.016,90.5,/player/?m=playerinfo&p_no=11334,11334
2021,KT,3,배정대,21  CF,3.07,2.54,0.53,144,595,590,510,85,132,23,1,12,193,68,19,7,65,12,2,132,9,3,5,0.259,0.353,0.378,0.731,-0.006,98.9,/player/?m=playerinfo&p_no=11212,11212
2021,KT,4,황재균,21  3B,2.93,2.53,0.40,117,507,505,453,74,132,16,2,10,182,56,11,4,46,3,1,92,11,1,4,0.291,0.358,0.402,0.760,0.000,103.4,/player/?m=playerinfo&p_no=10407,10407
2021,KT,5,장성우,21  C,2.56,1.48,1.08,127,460,450,385,46,89,13,0,14,144,63,1,2,60,3,3,69,16,9,3,0.231,0.337,0.374,0.711,-0.012,94.1,/player/?m=playerinfo&p_no=10235,10235
2021,KT,6,유한준,21  RF,1.70,2.74,-1.04,104,337,336,282,30,87,16,0,5,118,42,1,0,44,7,5,34,12,0,4,0.309,0.409,0.418,0.827,0.036,132.5,/player/?m=playerinfo&p_no=10627,10627
2021,KT,7,조용호,21  LF,-0.62,0.70,-1.32,138,515,510,428,71,101,14,1,0,117,48,12,9,74,3,0,85,8,5,5,0.236,0.349,0.273,0.622,-0.035,74.9,/player/?m=playerinfo&p_no=12943,12943
2022,삼성,1,피렐라,22  LF,6.23,7.79,-1.57,141,630,619,561,102,192,33,4,28,317,109,15,5,55,12,12,81,19,0,2,0.342,0.411,0.565,0.976,0.073,164.9,/player/?m=playerinfo&p_no=14757,14757
2022,삼성,2,김지찬,22  2B,3.79,2.29,1.51,113,429,410,361,62,101,7,6,0,120,25,25,4,45,2,0,64,2,19,2,0.280,0.361,0.332,0.693,-0.002,101.6,/player/?m=playerinfo&p_no=14618,14618
2022,삼성,3,김현준,22  CF,2.53,2.50,0.03,118,422,414,363,57,100,19,4,0,127,22,6,3,45,6,0,80,1,8,0,0.275,0.365,0.350,0.715,0.012,112.8,/player/?m=playerinfo&p_no=14867,14867
2022,삼성,4,오재일,22  1B,2.42,3.27,-0.85,135,536,529,470,57,126,42,0,21,231,94,2,1,57,2,8,133,7,0,7,0.268,0.345,0.491,0.836,0.014,114.8,/player/?m=playerinfo&p_no=10400,10400
2022,삼성,5,이원석,22  3B,1.69,2.18,-0.49,88,335,332,288,31,77,13,0,10,120,60,0,0,33,5,2,70,7,3,6,0.267,0.346,0.417,0.763,0.021,120.5,/player/?m=playerinfo&p_no=10180,10180
2022,삼성,6,구자욱,22  RF,0.91,2.09,-1.18,99,442,440,409,69,120,23,3,5,164,38,11,1,27,3,2,84,7,1,2,0.293,0.340,0.401,0.741,-0.003,100.7,/player/?m=playerinfo&p_no=10892,10892
2022,삼성,7,강민호,22  C,0.51,1.46,-0.95,130,444,441,396,38,102,19,1,13,162,66,0,0,41,3,4,58,21,1,3,0.258,0.330,0.409,0.739,-0.013,92.3,/player/?m=playerinfo&p_no=10232,10232
2022,KIA,1,나성범,22  RF,7.80,7.66,0.14,144,649,643,563,92,180,39,2,21,286,97,6,1,64,17,6,137,7,0,5,0.320,0.402,0.508,0.910,0.068,160.8,/player/?m=playerinfo&p_no=11162,11162
2022,KIA,2,소크라테스,22  CF,4.54,4.75,-0.21,127,554,551,514,83,160,29,7,17,254,77,12,7,34,2,4,81,11,0,4,0.311,0.354,0.494,0.848,0.038,135.7,/player/?m=playerinfo&p_no=14996,14996
2022,KIA,3,박찬호,22  SS,4.10,2.73,1.37,130,566,558,493,81,134,22,0,4,168,45,42,8,57,1,0,67,9,8,7,0.272,0.344,0.341,0.685,-0.005,98.7,/player/?m=playerinfo&p_no=11261,11261
2022,KIA,4,박동원,22  C,4.00,2.84,1.17,112,407,397,352,51,86,18,0,17,155,53,1,0,38,9,4,87,9,7,1,0.244,0.333,0.440,0.773,0.023,121.8,/player/?m=playerinfo&p_no=10387,10387
2022,KIA,5,김선빈,22  2B,3.35,3.42,-0.06,140,587,579,505,51,145,23,0,3,177,61,13,2,65,6,0,47,14,7,3,0.287,0.373,0.350,0.723,0.010,111.7,/player/?m=playerinfo&p_no=10008,10008
2022,KIA,6,최형우,22  DH,3.30,4.12,-0.82,132,530,526,454,55,120,27,1,14,191,71,1,0,73,1,5,92,9,0,2,0.264,0.366,0.421,0.787,0.030,129.0,/player/?m=playerinfo&p_no=10344,10344
2022,KIA,7,이창진,22  LF,2.47,2.89,-0.41,111,404,393,346,56,104,14,0,7,139,48,3,5,41,2,0,63,7,11,4,0.301,0.374,0.402,0.776,0.027,125.5,/player/?m=playerinfo&p_no=11233,11233
2022,KIA,8,류지혁,22  3B,2.19,2.71,-0.52,127,477,469,405,55,111,19,2,2,140,48,8,4,56,6,0,83,6,8,2,0.274,0.369,0.346,0.715,0.009,110.2,/player/?m=playerinfo&p_no=10894,10894
2022,KIA,9,황대인,22  1B,-0.10,1.56,-1.66,129,524,523,476,40,122,27,0,14,191,91,0,0,36,7,2,92,20,0,5,0.256,0.315,0.401,0.716,-0.016,89.1,/player/?m=playerinfo&p_no=11306,11306
2022,롯데,1,이대호,22  DH,3.68,5.72,-2.04,142,591,585,540,53,179,23,0,23,271,101,0,0,43,2,7,56,26,0,6,0.331,0.379,0.502,0.881,0.052,146.9,/player/?m=playerinfo&p_no=10251,10251
2022,롯데,2,안치홍,22  2B,2.87,4.33,-1.46,132,562,550,493,71,140,27,3,14,215,58,7,2,51,5,4,52,13,8,5,0.284,0.354,0.436,0.790,0.031,128.8,/player/?m=playerinfo&p_no=10014,10014
2022,롯데,3,한동희,22  3B,2.14,3.38,-1.23,129,499,497,456,43,140,27,0,14,209,65,0,0,33,6,2,64,15,0,4,0.307,0.359,0.458,0.817,0.021,120.9,/player/?m=playerinfo&p_no=13145,13145
2022,롯데,4,전준우,22  LF,1.55,3.75,-2.20,120,517,516,470,73,143,31,1,11,209,68,6,3,35,3,1,73,14,0,9,0.304,0.350,0.445,0.795,0.024,123.9,/player/?m=playerinfo&p_no=10266,10266
2022,롯데,5,피터스,22  CF,1.46,1.62,-0.15,85,354,354,316,32,72,16,0,13,127,48,7,4,26,8,1,77,5,0,4,0.228,0.299,0.402,0.701,-0.001,101.8,/player/?m=playerinfo&p_no=15009,15009
2022,롯데,6,정훈,22  1B,-0.04,0.32,-0.36,91,340,334,294,39,72,8,0,3,89,32,4,1,32,2,0,66,6,6,6,0.245,0.317,0.303,0.620,-0.040,69.7,/player/?m=playerinfo&p_no=10253,10253
2022,롯데,7,황성빈,22  CF,-0.08,1.13,-1.21,102,353,346,320,62,94,12,4,1,117,16,10,12,22,2,0,55,2,7,2,0.294,0.341,0.366,0.707,-0.011,93.3,/player/?m=playerinfo&p_no=14642,14642
2022,LG,1,오지환,22  SS,6.99,4.87,2.12,142,569,565,494,75,133,16,4,25,232,87,20,7,62,7,2,107,11,3,3,0.269,0.357,0.470,0.827,0.038,135.2,/player/?m=playerinfo&p_no=10475,10475
2022,LG,2,박해민,22  CF,6.52,3.46,3.06,144,636,629,570,97,165,20,8,3,210,49,24,6,44,9,0,85,4,7,6,0.289,0.347,0.368,0.715,0.003,105.5,/player/?m=playerinfo&p_no=11190,11190
2022,LG,3,문보경,22  3B,4.93,4.39,0.54,126,466,460,406,52,128,22,3,9,183,56,7,0,47,1,1,56,11,5,7,0.315,0.382,0.451,0.833,0.044,140.5,/player/?m=playerinfo&p_no=14137,14137
2022,LG,4,김현수,22  LF,4.81,5.61,-0.80,141,604,598,524,78,150,25,2,23,248,106,2,1,71,5,7,62,5,0,3,0.286,0.375,0.473,0.848,0.046,142.0,/player/?m=playerinfo&p_no=10187,10187
2022,LG,5,홍창기,22  RF,4.00,3.77,0.24,118,525,520,437,76,125,19,4,1,155,51,13,4,59,19,0,75,11,5,5,0.286,0.390,0.355,0.745,0.022,122.0,/player/?m=playerinfo&p_no=12546,12546
2022,LG,6,문성주,22  DH,3.62,3.43,0.19,106,390,380,327,55,99,15,3,6,138,41,9,6,51,3,2,36,13,8,1,0.303,0.401,0.422,0.823,0.044,139.8,/player/?m=playerinfo&p_no=13112,13112
2022,LG,7,유강남,22  C,3.07,2.01,1.06,139,469,463,416,54,106,16,0,8,146,47,0,0,34,11,1,98,9,6,2,0.255,0.326,0.351,0.677,-0.004,99.4,/player/?m=playerinfo&p_no=10753,10753
2022,LG,8,채은성,22  1B,2.06,3.35,-1.29,126,526,524,467,48,138,26,2,12,204,83,6,7,27,21,3,88,16,0,11,0.296,0.354,0.437,0.791,0.020,120.4,/player/?m=playerinfo&p_no=11215,11215
2022,두산,1,강승호,22  2B,3.56,2.33,1.23,134,487,481,444,54,117,28,1,10,177,62,13,5,29,3,0,100,8,6,5,0.264,0.310,0.399,0.709,-0.002,100.9,/player/?m=playerinfo&p_no=11087,11087
2022,두산,2,김재환,22  LF,2.75,3.97,-1.22,128,517,514,448,64,111,24,1,23,206,72,2,1,61,4,4,133,5,0,4,0.248,0.340,0.460,0.800,0.030,128.2,/player/?m=playerinfo&p_no=10643,10643
2022,두산,3,박세혁,22  C,2.32,0.46,1.86,128,402,393,351,33,87,13,1,3,111,41,2,2,33,6,1,71,4,8,4,0.248,0.320,0.316,0.636,-0.033,75.2,/player/?m=playerinfo&p_no=10891,10891
2022,두산,4,허경민,22  3B,2.08,3.59,-1.51,121,493,489,432,59,125,23,0,8,172,60,10,3,36,16,3,40,12,2,7,0.289,0.360,0.398,0.758,0.023,123.0,/player/?m=playerinfo&p_no=10184,10184
2022,두산,5,정수빈,22  CF,1.97,1.41,0.56,127,455,448,405,58,105,12,4,3,134,41,15,8,39,1,1,56,2,6,4,0.259,0.323,0.331,0.654,-0.016,89.2,/player/?m=playerinfo&p_no=10195,10195
2022,두산,6,양석환,22  1B,1.16,2.57,-1.41,107,446,444,405,58,99,14,1,20,175,51,1,0,32,7,3,101,3,0,2,0.244,0.309,0.432,0.741,0.010,111.8,/player/?m=playerinfo&p_no=11213,11213
2022,두산,7,페르난데스,22  DH,0.48,2.87,-2.39,139,550,550,508,52,157,28,0,6,203,77,0,0,35,2,0,45,34,0,5,0.309,0.353,0.400,0.753,0.005,107.7,/player/?m=playerinfo&p_no=13927,13927
2022,한화,1,터크먼,22  CF,4.06,4.66,-0.61,144,648,644,575,88,166,37,4,12,247,43,19,11,64,7,5,104,12,0,2,0.289,0.366,0.430,0.796,0.024,123.5,/player/?m=playerinfo&p_no=15012,15012
2022,한화,2,최재훈,22  C,3.25,1.11,2.14,114,437,431,364,38,81,14,0,5,110,30,1,1,44,21,0,65,17,5,2,0.223,0.339,0.302,0.641,-0.021,85.6,/player/?m=playerinfo&p_no=10170,10170
2022,한화,3,정은원,22  2B,2.80,3.73,-0.93,140,601,597,508,67,139,20,2,8,187,49,10,6,85,1,0,109,10,4,3,0.274,0.377,0.368,0.745,0.015,115.7,/player/?m=playerinfo&p_no=13137,13137
2022,한화,4,김인환,22  1B,2.42,2.10,0.32,113,429,428,398,48,104,14,0,16,166,54,2,0,24,3,2,111,4,0,4,0.261,0.305,0.417,0.722,0.003,106.0,/player/?m=playerinfo&p_no=12589,12589
2022,한화,5,노시환,22  3B,2.06,2.73,-0.66,115,490,490,434,55,122,24,1,6,166,59,6,2,48,4,1,95,13,0,4,0.281,0.355,0.382,0.737,0.006,108.3,/player/?m=playerinfo&p_no=14125,14125
2022,한화,6,노수광,22  LF,1.68,0.97,0.72,117,361,351,315,33,72,18,6,4,114,30,17,6,32,1,1,107,2,10,3,0.229,0.299,0.362,0.661,-0.023,84.1,/player/?m=playerinfo&p_no=11268,11268
2022,한화,7,김태연,22  3B,1.55,1.54,0.02,119,464,461,404,46,97,18,0,7,136,53,3,2,48,5,1,106,9,3,4,0.240,0.325,0.337,0.662,-0.013,91.9,/player/?m=playerinfo&p_no=12585,12585
2022,한화,8,하주석,22  SS,0.96,0.95,0.01,125,483,481,445,50,115,18,2,5,152,58,20,6,31,3,1,126,4,1,3,0.258,0.309,0.342,0.651,-0.028,78.8,/player/?m=playerinfo&p_no=10913,10913
2022,SK_SSG,1,박성한,22  SS,6.87,3.58,3.30,140,564,557,494,68,147,24,4,2,185,56,12,8,60,2,1,81,5,6,2,0.298,0.375,0.374,0.749,0.017,117.7,/player/?m=playerinfo&p_no=12922,12922
2022,SK_SSG,2,최지훈,22  CF,6.49,4.37,2.12,144,640,627,569,93,173,32,4,10,243,61,31,7,47,7,0,77,7,13,4,0.304,0.362,0.427,0.789,0.018,117.8,/player/?m=playerinfo&p_no=14587,14587
2022,SK_SSG,3,최정,22  3B,5.71,5.27,0.44,121,505,504,414,80,110,21,0,26,209,87,12,5,66,19,3,96,6,0,6,0.266,0.386,0.505,0.891,0.056,151.4,/player/?m=playerinfo&p_no=10106,10106
2022,SK_SSG,4,한유섬,22  RF,4.46,4.31,0.15,135,545,540,458,62,121,33,1,21,219,100,1,1,66,16,6,137,8,0,5,0.264,0.372,0.478,0.850,0.034,132.0,/player/?m=playerinfo&p_no=10815,10815
2022,SK_SSG,5,추신수,22  DH,3.13,4.14,-1.02,112,499,497,409,77,106,20,1,16,176,58,15,5,71,13,1,100,6,2,4,0.259,0.382,0.430,0.812,0.035,132.7,/player/?m=playerinfo&p_no=14888,14888
2022,SK_SSG,6,김성현,22  2B,0.39,-0.15,0.53,130,359,339,302,38,66,9,1,2,83,37,3,3,31,3,0,36,13,20,3,0.219,0.295,0.275,0.570,-0.051,61.8,/player/?m=playerinfo&p_no=10636,10636
2022,SK_SSG,7,최주환,22  2B,-0.39,0.14,-0.53,97,333,332,298,36,63,14,2,9,108,41,0,0,29,4,2,55,5,0,2,0.211,0.288,0.362,0.650,-0.043,66.1,/player/?m=playerinfo&p_no=10182,10182
2022,넥센_키움,1,이정후,22  CF,8.89,8.51,0.38,142,627,618,553,85,193,36,10,23,318,113,5,0,66,5,12,32,10,0,3,0.349,0.421,0.575,0.996,0.086,175.3,/player/?m=playerinfo&p_no=12906,12906
2022,넥센_키움,2,김혜성,22  2B,7.11,4.42,2.69,129,566,565,516,81,164,18,7,4,208,48,34,7,47,0,3,83,9,0,3,0.318,0.373,0.403,0.776,0.025,124.8,/player/?m=playerinfo&p_no=12905,12905
2022,넥센_키움,3,푸이그,22  RF,3.52,5.19,-1.66,126,547,546,473,65,131,30,0,21,224,73,6,3,58,12,1,100,6,0,4,0.277,0.367,0.474,0.841,0.047,142.9,/player/?m=playerinfo&p_no=15004,15004
2022,넥센_키움,4,송성문,22  3B,2.71,1.56,1.15,142,601,596,547,67,135,21,4,13,203,79,0,1,45,1,6,65,8,1,7,0.247,0.302,0.371,0.673,-0.023,83.3,/player/?m=playerinfo&p_no=11376,11376
2022,넥센_키움,5,이지영,22  C,2.64,0.71,1.93,137,450,441,420,38,112,13,4,2,139,37,1,1,20,2,2,44,16,8,0,0.267,0.303,0.331,0.634,-0.031,76.6,/player/?m=playerinfo&p_no=10312,10312
2022,넥센_키움,6,이용규,22  LF,0.19,0.76,-0.58,86,326,325,271,34,54,6,0,0,60,21,12,2,45,7,0,42,7,1,2,0.199,0.326,0.221,0.547,-0.025,81.6,/player/?m=playerinfo&p_no=10035,10035
2022,넥센_키움,7,김휘집,22  SS,0.03,1.15,-1.11,112,393,390,333,40,74,12,1,8,112,36,0,0,39,14,0,115,6,3,4,0.222,0.326,0.336,0.662,-0.016,89.8,/player/?m=playerinfo&p_no=14785,14785
2022,넥센_키움,8,김준완,22  LF,-0.49,0.30,-0.79,111,398,392,317,43,61,10,2,1,78,28,1,1,64,8,0,71,4,6,3,0.192,0.339,0.246,0.585,-0.037,72.0,/player/?m=playerinfo&p_no=11182,11182
2022,NC,1,양의지,22  C,5.31,4.78,0.54,130,510,507,427,61,121,24,0,20,205,94,3,1,60,13,6,48,16,0,10,0.283,0.380,0.480,0.860,0.045,141.2,/player/?m=playerinfo&p_no=10165,10165
2022,NC,2,김주원,22  SS,4.29,1.46,2.83,96,326,316,273,35,61,9,3,10,106,47,10,3,30,14,1,89,4,9,0,0.223,0.331,0.388,0.719,-0.006,97.8,/player/?m=playerinfo&p_no=14765,14765
2022,NC,3,박건우,22  CF,3.95,4.54,-0.59,111,463,463,408,52,137,18,1,10,187,61,3,3,44,8,1,62,10,0,3,0.336,0.408,0.458,0.866,0.053,148.3,/player/?m=playerinfo&p_no=10189,10189
2022,NC,4,손아섭,22  RF,3.08,2.94,0.14,138,617,615,548,72,152,29,4,4,201,48,7,3,59,3,2,76,9,1,6,0.277,0.347,0.367,0.714,-0.001,102.6,/player/?m=playerinfo&p_no=10261,10261
2022,NC,5,박민우,22  2B,2.72,2.16,0.56,104,451,440,390,61,104,22,1,4,140,38,21,4,42,10,5,55,7,6,3,0.267,0.351,0.359,0.710,-0.005,98.6,/player/?m=playerinfo&p_no=11137,11137
2022,NC,6,마티니,22  LF,2.33,4.50,-2.18,139,576,572,510,67,151,34,1,16,235,85,12,4,51,8,5,86,8,0,7,0.296,0.365,0.461,0.826,0.030,128.5,/player/?m=playerinfo&p_no=15008,15008
2022,NC,7,노진혁,22  3B,2.30,2.92,-0.62,115,451,445,396,50,111,24,0,15,180,75,2,0,45,2,3,105,11,3,5,0.280,0.353,0.455,0.808,0.017,117.3,/player/?m=playerinfo&p_no=11165,11165
2022,NC,8,이명기,22  LF,-0.38,0.64,-1.02,94,341,335,300,36,78,13,2,0,95,23,5,4,30,3,0,56,8,6,2,0.260,0.331,0.317,0.648,-0.028,79.8,/player/?m=playerinfo&p_no=10119,10119
2022,KT,1,박병호,22  1B,5.19,4.55,0.63,124,487,485,429,72,118,17,0,35,240,98,5,3,40,12,3,131,7,0,6,0.275,0.349,0.559,0.908,0.045,141.9,/player/?m=playerinfo&p_no=10470,10470
2022,KT,2,조용호,22  RF,3.92,3.21,0.70,131,531,527,474,52,146,18,4,3,181,44,5,4,49,3,3,74,3,2,3,0.308,0.374,0.382,0.756,0.012,113.2,/player/?m=playerinfo&p_no=12943,12943
2022,KT,3,장성우,22  C,3.85,2.64,1.21,117,420,419,362,48,94,11,0,18,159,55,1,0,52,2,2,79,12,1,3,0.260,0.353,0.439,0.792,0.016,116.6,/player/?m=playerinfo&p_no=10235,10235
2022,KT,4,배정대,22  CF,2.97,2.71,0.26,144,575,570,508,64,135,24,2,6,181,56,19,4,54,4,0,126,2,5,4,0.266,0.339,0.356,0.695,-0.005,99.1,/player/?m=playerinfo&p_no=11212,11212
2022,KT,5,알포드,22  LF,2.43,3.05,-0.63,80,323,321,283,48,81,19,1,14,144,50,5,1,33,3,3,90,3,0,4,0.286,0.362,0.509,0.871,0.044,140.2,/player/?m=playerinfo&p_no=15144,15144
2022,KT,6,황재균,22  3B,1.86,2.45,-0.59,141,581,578,519,59,136,25,3,10,197,64,6,3,53,5,5,99,17,2,2,0.262,0.335,0.380,0.715,-0.006,98.1,/player/?m=playerinfo&p_no=10407,10407
2022,KT,7,오윤석,22  2B,1.78,0.77,1.01,112,337,332,286,23,67,13,0,6,98,37,2,1,34,6,0,69,9,5,6,0.234,0.322,0.343,0.665,-0.025,82.0,/player/?m=playerinfo&p_no=11397,11397
2022,KT,8,심우준,22  SS,1.54,0.86,0.68,132,449,437,388,69,93,8,2,4,117,34,23,2,43,2,0,75,11,11,4,0.240,0.316,0.302,0.618,-0.037,72.1,/player/?m=playerinfo&p_no=11334,11334
2022,KT,9,김민혁,22  LF,1.20,1.16,0.04,132,434,413,373,47,106,10,2,0,120,35,6,9,37,2,2,62,10,19,3,0.284,0.349,0.322,0.671,-0.018,87.8,/player/?m=playerinfo&p_no=11339,11339
2023,삼성,1,구자욱,23  RF,5.44,5.28,0.15,119,515,511,453,65,152,37,1,11,224,71,12,4,53,4,2,81,5,2,3,0.336,0.407,0.494,0.901,0.053,148.9,/player/?m=playerinfo&p_no=10892,10892
2023,삼성,2,이재현,23  SS,2.98,1.58,1.41,143,538,522,458,61,114,19,2,12,173,60,5,4,52,6,0,89,9,16,6,0.249,0.330,0.378,0.708,-0.017,90.2,/player/?m=playerinfo&p_no=15034,15034
2023,삼성,3,강민호,23  C,2.61,3.09,-0.48,125,495,492,434,60,126,19,0,16,193,77,6,1,49,6,4,65,17,1,5,0.290,0.366,0.445,0.811,0.013,115.4,/player/?m=playerinfo&p_no=10232,10232
2023,삼성,4,김지찬,23  2B,2.46,2.62,-0.16,99,355,348,291,59,85,4,2,1,96,18,13,1,48,9,0,36,1,7,0,0.292,0.408,0.330,0.738,0.020,120.5,/player/?m=playerinfo&p_no=14618,14618
2023,삼성,5,김현준,23  CF,1.24,1.38,-0.13,109,479,471,433,62,119,10,6,3,150,46,5,5,30,5,0,84,5,8,3,0.275,0.327,0.346,0.673,-0.018,88.7,/player/?m=playerinfo&p_no=14867,14867
2023,삼성,6,오재일,23  1B,0.99,0.26,0.73,106,364,364,315,31,64,15,0,11,112,54,1,0,43,3,1,110,1,0,3,0.203,0.302,0.356,0.658,-0.038,71.4,/player/?m=playerinfo&p_no=10400,10400
2023,삼성,7,피렐라,23  LF,0.70,3.71,-3.01,139,605,605,557,66,159,28,1,16,237,80,6,4,42,4,5,69,20,0,2,0.285,0.339,0.425,0.764,0.014,115.9,/player/?m=playerinfo&p_no=14757,14757
2023,KIA,1,박찬호,23  SS,4.71,3.04,1.67,130,507,500,452,73,136,18,4,3,171,52,30,8,40,2,0,56,13,7,6,0.301,0.356,0.378,0.734,0.006,109.2,/player/?m=playerinfo&p_no=11261,11261
2023,KIA,2,소크라테스,23  CF,4.60,4.11,0.49,142,608,606,547,91,156,31,3,20,253,96,15,6,52,1,4,80,13,0,8,0.285,0.344,0.463,0.807,0.020,120.9,/player/?m=playerinfo&p_no=14996,14996
2023,KIA,3,최형우,23  DH,3.93,5.29,-1.36,121,508,508,431,64,130,27,1,17,210,81,0,0,65,8,1,83,5,0,4,0.302,0.400,0.487,0.887,0.057,152.4,/player/?m=playerinfo&p_no=10344,10344
2023,KIA,4,김도영,23  3B,3.88,3.31,0.57,84,385,382,340,72,103,20,5,7,154,47,25,4,38,1,1,62,14,2,4,0.303,0.371,0.453,0.824,0.028,128.0,/player/?m=playerinfo&p_no=15056,15056
2023,KIA,5,김선빈,23  2B,2.69,2.76,-0.07,119,473,465,419,41,134,16,0,0,150,48,3,1,38,5,0,26,10,8,3,0.320,0.381,0.358,0.739,0.012,114.1,/player/?m=playerinfo&p_no=10008,10008
2023,KIA,6,이우성,23  RF,2.66,2.71,-0.05,126,400,393,355,39,107,17,0,8,148,58,8,1,31,5,4,81,10,6,3,0.301,0.363,0.417,0.780,0.019,120.1,/player/?m=playerinfo&p_no=11099,11099
2023,롯데,1,유강남,23  C,4.09,1.90,2.20,121,403,401,352,45,92,13,0,10,135,55,1,1,37,8,1,64,13,2,4,0.261,0.342,0.384,0.726,0.002,106.0,/player/?m=playerinfo&p_no=10753,10753
2023,롯데,2,전준우,23  DH,3.79,5.25,-1.46,138,559,556,493,80,154,21,3,17,232,77,9,2,52,7,4,65,12,0,7,0.312,0.381,0.471,0.852,0.046,143.1,/player/?m=playerinfo&p_no=10266,10266
2023,롯데,3,노진혁,23  SS,2.56,1.81,0.75,113,390,386,334,43,86,26,1,4,126,51,7,2,45,3,1,84,3,4,4,0.257,0.347,0.377,0.724,-0.001,103.4,/player/?m=playerinfo&p_no=11165,11165
2023,롯데,4,안치홍,23  2B,1.99,2.76,-0.77,121,494,487,425,57,124,20,1,8,170,63,3,3,49,10,3,53,14,5,5,0.292,0.374,0.400,0.774,0.011,113.0,/player/?m=playerinfo&p_no=10014,10014
2023,롯데,5,박승욱,23  2B,1.92,1.86,0.06,123,338,327,290,37,83,18,3,0,107,30,15,4,35,1,0,87,5,11,1,0.286,0.364,0.369,0.733,0.005,108.0,/player/?m=playerinfo&p_no=10804,10804
2023,롯데,6,윤동희,23  RF,0.88,1.21,-0.33,107,423,421,387,45,111,18,1,2,137,41,3,6,28,1,0,69,10,2,5,0.287,0.333,0.354,0.687,-0.014,92.1,/player/?m=playerinfo&p_no=15048,15048
2023,롯데,7,김민석,23  CF,-0.21,1.24,-1.45,129,454,441,400,53,102,24,0,3,135,39,16,3,31,6,1,112,6,12,5,0.255,0.314,0.338,0.652,-0.024,83.9,/player/?m=playerinfo&p_no=15253,15253
2023,롯데,8,한동희,23  3B,-2.48,-0.55,-1.93,108,353,351,319,30,71,11,0,5,97,32,1,3,26,1,0,58,16,2,5,0.223,0.279,0.304,0.583,-0.060,53.6,/player/?m=playerinfo&p_no=13145,13145
2023,LG,1,홍창기,23  RF,7.91,6.88,1.03,141,643,638,524,109,174,35,2,1,216,65,23,23,88,22,3,83,6,3,6,0.332,0.444,0.412,0.856,0.069,161.8,/player/?m=playerinfo&p_no=12546,12546
2023,LG,2,오스틴,23  1B,5.74,6.68,-0.94,139,583,583,520,87,163,29,4,23,269,95,7,3,53,3,2,75,11,0,7,0.313,0.376,0.517,0.893,0.066,160.2,/player/?m=playerinfo&p_no=15532,15532
2023,LG,3,오지환,23  SS,5.14,3.42,1.72,126,502,498,422,65,113,24,3,8,167,62,16,7,64,8,0,82,4,4,4,0.268,0.371,0.396,0.767,0.021,121.4,/player/?m=playerinfo&p_no=10475,10475
2023,LG,4,박해민,23  CF,4.80,2.59,2.21,144,558,534,485,80,138,14,2,6,174,59,26,12,45,3,0,74,7,24,1,0.285,0.348,0.359,0.707,-0.002,102.4,/player/?m=playerinfo&p_no=11190,11190
2023,LG,5,문성주,23  LF,4.76,4.12,0.64,136,534,528,449,77,132,21,4,2,167,57,24,14,67,8,0,34,10,6,4,0.294,0.392,0.372,0.764,0.031,130.1,/player/?m=playerinfo&p_no=13112,13112
2023,LG,6,문보경,23  3B,4.45,4.64,-0.20,131,542,533,469,77,141,29,5,10,210,72,9,8,58,2,2,83,5,9,4,0.301,0.377,0.448,0.825,0.042,139.1,/player/?m=playerinfo&p_no=14137,14137
2023,LG,7,박동원,23  C,2.92,3.13,-0.21,130,481,471,409,54,102,17,1,20,181,75,0,1,49,7,3,90,7,8,8,0.249,0.334,0.443,0.777,0.020,121.0,/player/?m=playerinfo&p_no=10387,10387
2023,LG,8,김현수,23  DH,2.19,3.33,-1.14,133,556,555,488,53,143,22,2,6,187,88,2,1,58,1,4,53,10,1,8,0.293,0.364,0.383,0.747,0.014,115.6,/player/?m=playerinfo&p_no=10187,10187
2023,LG,9,김민성,23  2B,1.92,1.03,0.89,112,316,307,273,34,68,11,0,8,103,41,2,1,25,7,0,58,7,9,2,0.249,0.326,0.377,0.703,-0.016,91.2,/player/?m=playerinfo&p_no=10238,10238
2023,LG,10,신민재,23  2B,1.43,0.97,0.46,122,331,314,282,47,78,5,2,0,87,28,37,17,29,1,0,34,5,17,2,0.277,0.344,0.309,0.653,-0.018,89.1,/player/?m=playerinfo&p_no=13056,13056
2023,두산,1,양의지,23  C,6.10,5.01,1.09,129,510,502,439,56,134,23,0,17,208,68,8,0,57,11,8,56,20,0,3,0.305,0.396,0.474,0.870,0.051,146.4,/player/?m=playerinfo&p_no=10165,10165
2023,두산,2,정수빈,23  CF,4.87,4.06,0.81,137,583,571,498,75,143,14,11,2,185,33,39,8,64,7,1,63,2,12,2,0.287,0.375,0.371,0.746,0.016,117.4,/player/?m=playerinfo&p_no=10195,10195
2023,두산,3,양석환,23  1B,3.33,3.63,-0.30,140,582,579,524,73,147,28,0,21,238,89,4,0,41,6,3,133,9,0,11,0.281,0.333,0.454,0.787,0.016,117.5,/player/?m=playerinfo&p_no=11213,11213
2023,두산,4,로하스,23  LF,2.41,4.12,-1.71,122,464,463,403,52,102,24,4,19,191,65,0,1,55,3,2,68,5,0,3,0.253,0.345,0.474,0.819,0.043,140.5,/player/?m=playerinfo&p_no=15539,15539
2023,두산,5,허경민,23  3B,2.35,1.56,0.79,130,475,472,429,44,115,23,1,7,161,48,9,3,35,6,3,26,6,0,5,0.268,0.328,0.375,0.703,-0.017,89.7,/player/?m=playerinfo&p_no=10184,10184
2023,두산,6,강승호,23  2B,1.98,1.88,0.09,127,459,455,419,51,111,18,6,7,162,59,13,6,27,6,0,110,12,4,3,0.265,0.316,0.387,0.703,-0.007,98.5,/player/?m=playerinfo&p_no=11087,11087
2023,두산,7,김재환,23  DH,0.48,1.65,-1.17,132,484,481,405,40,89,15,0,10,134,46,3,1,72,5,4,100,8,0,2,0.220,0.343,0.331,0.674,-0.012,93.9,/player/?m=playerinfo&p_no=10643,10643
2023,한화,1,노시환,23  3B,6.82,6.32,0.51,131,595,590,514,85,153,30,1,31,278,101,2,1,74,4,5,118,13,0,3,0.298,0.388,0.541,0.929,0.058,152.7,/player/?m=playerinfo&p_no=14125,14125
2023,한화,2,최재훈,23  C,3.90,2.14,1.76,125,417,407,327,23,81,12,0,1,96,33,1,1,56,23,1,48,9,9,2,0.248,0.392,0.294,0.686,0.005,107.9,/player/?m=playerinfo&p_no=10170,10170
2023,한화,3,이진영,23  RF,3.60,2.79,0.81,121,422,418,358,57,89,22,0,10,141,50,5,0,53,2,0,127,4,4,5,0.249,0.344,0.394,0.738,0.016,117.5,/player/?m=playerinfo&p_no=12539,12539
2023,한화,4,채은성,23  1B,2.36,4.24,-1.88,137,596,593,521,71,137,17,0,23,223,84,0,0,52,20,8,102,16,0,3,0.263,0.351,0.428,0.779,0.024,124.6,/player/?m=playerinfo&p_no=11215,11215
2023,한화,5,이도윤,23  SS,2.27,0.56,1.70,106,346,331,309,36,78,13,2,1,98,13,11,3,18,4,1,55,6,15,0,0.252,0.302,0.317,0.619,-0.038,73.3,/player/?m=playerinfo&p_no=11414,11414
2023,한화,6,문현빈,23  CF,1.87,1.77,0.10,137,481,470,428,47,114,22,2,5,155,49,5,1,33,6,2,84,7,9,5,0.266,0.324,0.362,0.686,-0.011,94.5,/player/?m=playerinfo&p_no=15422,15422
2023,한화,7,정은원,23  2B,1.03,0.57,0.45,122,459,453,388,50,86,12,0,2,104,30,6,3,62,3,1,73,4,5,1,0.222,0.333,0.268,0.601,-0.037,72.8,/player/?m=playerinfo&p_no=13137,13137
2023,한화,8,김인환,23  1B,0.23,0.48,-0.25,112,365,365,325,34,73,16,0,7,110,42,1,0,35,2,2,91,4,0,3,0.225,0.301,0.338,0.639,-0.034,74.9,/player/?m=playerinfo&p_no=12589,12589
2023,SK_SSG,1,최정,23  3B,4.85,5.76,-0.91,128,552,547,471,94,140,31,0,29,258,87,7,3,59,15,6,87,12,1,6,0.297,0.388,0.548,0.936,0.057,151.6,/player/?m=playerinfo&p_no=10106,10106
2023,SK_SSG,2,박성한,23  SS,4.36,2.24,2.13,128,529,521,459,53,122,19,0,9,168,47,4,1,58,1,1,56,7,7,4,0.266,0.347,0.366,0.713,-0.005,99.8,/player/?m=playerinfo&p_no=12922,12922
2023,SK_SSG,3,에레디아,23  LF,4.11,4.45,-0.35,122,523,519,473,76,153,29,0,12,218,76,12,8,39,9,4,75,13,1,1,0.323,0.385,0.461,0.846,0.040,138.1,/player/?m=playerinfo&p_no=15530,15530
2023,SK_SSG,4,김민식,23  C,1.70,0.24,1.46,122,318,300,266,28,58,9,1,5,84,34,0,0,31,2,1,57,6,17,2,0.218,0.302,0.316,0.618,-0.043,69.4,/player/?m=playerinfo&p_no=10707,10707
2023,SK_SSG,5,김성현,23  2B,1.55,0.91,0.64,112,354,341,310,35,83,14,0,1,100,27,4,1,29,0,1,36,6,13,2,0.268,0.328,0.323,0.651,-0.024,84.1,/player/?m=playerinfo&p_no=10636,10636
2023,SK_SSG,6,최지훈,23  CF,1.55,1.67,-0.12,117,503,495,462,65,124,19,8,2,165,30,21,2,29,3,0,50,3,8,1,0.268,0.315,0.357,0.672,-0.021,86.8,/player/?m=playerinfo&p_no=14587,14587
2023,SK_SSG,7,추신수,23  DH,1.46,2.81,-1.36,112,462,462,382,65,97,17,1,12,152,41,6,4,65,13,1,79,8,0,2,0.254,0.379,0.398,0.777,0.012,113.9,/player/?m=playerinfo&p_no=14888,14888
2023,SK_SSG,8,최주환,23  2B,1.04,1.77,-0.73,134,478,474,426,48,100,24,0,20,184,63,0,0,44,4,4,94,6,1,3,0.235,0.310,0.432,0.742,-0.009,96.2,/player/?m=playerinfo&p_no=10182,10182
2023,SK_SSG,9,한유섬,23  RF,0.35,1.80,-1.45,109,388,386,333,29,91,15,2,7,131,55,2,1,34,12,1,81,3,2,7,0.273,0.355,0.393,0.748,0.002,105.6,/player/?m=playerinfo&p_no=10815,10815
2023,넥센_키움,1,김혜성,23  2B,6.98,6.17,0.80,137,621,619,556,104,186,29,6,7,248,57,25,3,57,3,3,77,6,0,5,0.335,0.396,0.446,0.842,0.046,142.6,/player/?m=playerinfo&p_no=12905,12905
2023,넥센_키움,2,이정후,23  CF,5.18,3.62,1.56,86,387,384,330,50,105,23,2,6,150,45,6,3,49,3,7,23,1,0,5,0.318,0.406,0.455,0.861,0.043,140.5,/player/?m=playerinfo&p_no=12906,12906
2023,넥센_키움,3,송성문,23  3B,1.95,1.55,0.40,104,438,431,388,43,102,16,3,5,139,60,1,0,39,0,5,38,9,4,7,0.263,0.325,0.358,0.683,-0.013,92.9,/player/?m=playerinfo&p_no=11376,11376
2023,넥센_키움,4,김휘집,23  SS,1.12,2.07,-0.95,110,435,429,369,46,92,22,0,8,138,51,0,0,48,5,0,97,8,6,7,0.249,0.338,0.374,0.712,0.000,104.1,/player/?m=playerinfo&p_no=14785,14785
2023,넥센_키움,5,이형종,23  RF,-0.21,0.91,-1.12,99,374,370,316,35,68,22,1,3,101,37,0,0,39,14,2,78,11,3,2,0.215,0.326,0.320,0.646,-0.022,85.5,/player/?m=playerinfo&p_no=12516,12516
2023,NC,1,박민우,23  2B,5.25,3.97,1.28,124,509,501,452,76,143,20,7,2,183,46,26,7,40,9,3,57,13,5,3,0.316,0.381,0.405,0.786,0.025,124.7,/player/?m=playerinfo&p_no=11137,11137
2023,NC,2,손아섭,23  DH,4.62,5.44,-0.82,140,609,608,551,97,187,36,3,5,244,65,14,3,50,2,2,67,10,1,5,0.339,0.393,0.443,0.836,0.039,137.5,/player/?m=playerinfo&p_no=10261,10261
2023,NC,3,박건우,23  RF,3.92,5.03,-1.10,130,533,532,458,70,146,34,2,12,220,85,7,5,56,9,0,71,14,1,9,0.319,0.397,0.480,0.877,0.048,144.9,/player/?m=playerinfo&p_no=10189,10189
2023,NC,4,마틴,23  CF,3.28,3.40,-0.13,118,503,502,435,55,123,20,2,17,198,90,15,3,57,1,2,107,8,0,10,0.283,0.360,0.455,0.815,0.016,117.8,/player/?m=playerinfo&p_no=15537,15537
2023,NC,5,서호철,23  3B,2.85,1.75,1.10,114,435,429,397,50,114,17,3,5,152,41,4,5,20,8,0,51,9,6,4,0.287,0.331,0.383,0.714,-0.005,100.1,/player/?m=playerinfo&p_no=14220,14220
2023,NC,6,김주원,23  SS,2.22,1.42,0.80,127,474,466,403,56,94,9,2,10,137,54,15,3,44,15,1,106,6,8,4,0.233,0.328,0.340,0.668,-0.022,85.4,/player/?m=playerinfo&p_no=14765,14765
2023,NC,7,권희동,23  LF,2.18,2.79,-0.61,96,373,369,309,33,88,16,0,7,125,63,2,0,49,6,0,50,4,4,5,0.285,0.388,0.405,0.793,0.030,128.9,/player/?m=playerinfo&p_no=11172,11172
2023,KT,1,알포드,23  LF,4.82,4.08,0.74,133,547,546,491,83,142,31,3,15,224,70,17,4,47,6,1,140,6,0,3,0.289,0.356,0.456,0.812,0.022,122.8,/player/?m=playerinfo&p_no=15144,15144
2023,KT,2,박병호,23  1B,4.15,3.61,0.54,132,493,493,431,53,122,15,0,18,191,87,2,0,46,8,2,114,9,0,8,0.283,0.357,0.443,0.800,0.028,127.7,/player/?m=playerinfo&p_no=10470,10470
2023,KT,3,김민혁,23  RF,3.85,2.68,1.17,113,448,441,397,68,118,20,3,3,153,41,11,4,36,3,0,48,4,7,5,0.297,0.356,0.385,0.741,0.011,112.9,/player/?m=playerinfo&p_no=11339,11339
2023,KT,4,장성우,23  C,3.43,2.37,1.07,131,464,460,410,37,118,22,0,11,173,65,1,1,42,2,1,70,12,3,7,0.288,0.351,0.422,0.773,0.006,109.0,/player/?m=playerinfo&p_no=10235,10235
2023,KT,5,황재균,23  3B,3.24,3.00,0.25,109,457,454,407,62,120,26,2,6,168,49,3,3,45,1,1,64,15,3,1,0.295,0.366,0.413,0.779,0.018,119.1,/player/?m=playerinfo&p_no=10407,10407
2023,KT,6,김상수,23  SS,2.53,2.14,0.39,129,512,504,443,58,120,19,1,3,150,56,5,6,55,3,0,68,9,8,3,0.271,0.353,0.339,0.692,-0.004,100.7,/player/?m=playerinfo&p_no=10320,10320
2023,KT,7,배정대,23  CF,1.82,1.69,0.14,97,361,356,311,48,86,16,0,2,108,38,13,3,38,3,1,76,2,4,5,0.277,0.356,0.347,0.703,-0.007,98.6,/player/?m=playerinfo&p_no=11212,11212
2023,KT,8,문상철,23  DH,0.11,0.97,-0.86,112,330,328,304,30,79,20,0,9,126,46,3,1,16,3,1,81,4,1,6,0.260,0.298,0.414,0.712,-0.018,89.1,/player/?m=playerinfo&p_no=11333,11333
2024,삼성,1,구자욱,24  LF,3.12,2.87,0.25,79,348,347,312,49,97,24,1,16,171,60,5,4,26,8,1,48,3,0,2,0.311,0.376,0.548,0.924,0.042,130.6,/player/?m=playerinfo&p_no=10892,10892
2024,삼성,2,김지찬,24  CF,2.73,1.66,1.07,80,308,301,263,50,78,9,0,3,96,21,23,1,29,8,0,21,3,7,1,0.297,0.382,0.365,0.747,-0.002,98.2,/player/?m=playerinfo&p_no=14618,14618
2024,삼성,3,김영웅,24  SS,2.71,1.61,1.10,79,332,331,294,43,78,11,3,17,146,46,8,1,33,2,0,95,2,1,2,0.265,0.341,0.497,0.838,0.003,101.7,/player/?m=playerinfo&p_no=15035,15035
2024,삼성,4,이재현,24  SS,1.98,1.16,0.82,51,212,211,189,31,56,11,0,7,88,28,1,0,22,0,1,36,2,0,1,0.296,0.368,0.466,0.834,0.015,110.4,/player/?m=playerinfo&p_no=15034,15034
2024,삼성,5,이성규,24  RF,1.82,0.85,0.98,77,207,203,178,29,44,5,0,12,85,33,8,1,14,9,0,58,2,4,2,0.247,0.330,0.478,0.808,-0.006,94.8,/player/?m=playerinfo&p_no=12562,12562
2024,삼성,6,맥키넌,24  1B,1.15,1.30,-0.16,69,303,301,262,28,77,12,0,4,101,35,1,0,38,1,3,31,6,0,2,0.294,0.383,0.385,0.768,0.003,101.9,/player/?m=playerinfo&p_no=15862,15862
2024,삼성,7,강민호,24  C,0.77,0.62,0.15,79,237,236,204,22,54,7,1,4,75,29,1,0,24,5,1,27,9,0,4,0.265,0.350,0.368,0.718,-0.015,88.0,/player/?m=playerinfo&p_no=10232,10232
2024,KIA,1,김도영,24  3B,5.01,4.62,0.39,78,352,349,310,75,105,12,4,21,188,58,24,3,34,3,2,61,2,1,4,0.339,0.405,0.606,1.011,0.080,159.0,/player/?m=playerinfo&p_no=15056,15056
2024,KIA,2,박찬호,24  SS,1.64,0.60,1.03,72,319,315,292,44,88,13,0,2,107,29,13,8,19,1,1,27,5,4,3,0.301,0.343,0.366,0.709,-0.018,85.7,/player/?m=playerinfo&p_no=11261,11261
2024,KIA,3,최형우,24  DH,1.63,2.49,-0.86,74,325,325,287,47,82,18,1,15,147,71,0,1,33,3,3,54,1,0,2,0.286,0.363,0.512,0.875,0.038,128.1,/player/?m=playerinfo&p_no=10344,10344
2024,KIA,4,김선빈,24  2B,1.38,1.40,-0.02,60,235,232,203,27,62,7,0,5,84,26,3,0,25,4,0,22,9,2,0,0.305,0.392,0.414,0.806,0.015,110.8,/player/?m=playerinfo&p_no=10008,10008
2024,KIA,5,한준수,24  C,1.18,0.72,0.45,63,180,180,160,19,49,11,0,3,69,25,0,0,14,2,0,31,3,0,4,0.306,0.361,0.431,0.792,0.009,106.2,/player/?m=playerinfo&p_no=13113,13113
2024,KIA,6,소크라테스,24  LF,1.14,2.34,-1.20,80,339,338,308,48,89,14,1,16,153,55,4,1,26,3,2,53,5,0,2,0.289,0.348,0.497,0.845,0.030,122.0,/player/?m=playerinfo&p_no=14996,14996
2024,KIA,7,최원준,24  CF,0.86,1.04,-0.18,76,278,276,251,40,70,13,3,4,101,30,14,6,23,2,0,41,6,2,0,0.279,0.344,0.402,0.746,-0.003,96.8,/player/?m=playerinfo&p_no=12534,12534
2024,KIA,8,이우성,24  1B,0.71,2.20,-1.49,75,314,314,278,47,88,11,1,8,125,46,6,1,33,2,0,59,11,0,1,0.317,0.392,0.450,0.842,0.026,119.2,/player/?m=playerinfo&p_no=11099,11099
2024,KIA,9,나성범,24  RF,0.32,0.96,-0.64,49,213,211,187,21,50,9,1,9,88,35,0,0,25,0,1,48,5,0,0,0.267,0.354,0.471,0.825,0.005,103.1,/player/?m=playerinfo&p_no=11162,11162
2024,롯데,1,황성빈,24  CF,2.35,2.14,0.21,63,199,198,180,54,64,4,4,4,88,16,32,4,17,0,0,23,2,1,1,0.356,0.409,0.489,0.898,0.043,131.6,/player/?m=playerinfo&p_no=14642,14642
2024,롯데,2,레이예스,24  RF,2.32,3.03,-0.71,78,337,337,307,42,107,22,2,7,154,67,4,0,22,1,0,45,9,0,7,0.349,0.386,0.502,0.888,0.047,134.6,/player/?m=playerinfo&p_no=16106,16106
2024,롯데,3,고승민,24  2B,2.09,1.96,0.13,56,244,244,215,40,68,13,2,6,103,43,4,2,24,1,0,41,3,0,4,0.316,0.381,0.479,0.860,0.035,125.8,/player/?m=playerinfo&p_no=14160,14160
2024,롯데,4,윤동희,24  CF,1.69,1.95,-0.26,75,324,322,282,61,85,19,3,5,125,39,5,2,36,1,0,50,3,2,3,0.301,0.379,0.443,0.822,0.019,113.3,/player/?m=playerinfo&p_no=15048,15048
2024,롯데,5,손호영,24  3B,1.49,1.92,-0.43,46,187,185,174,31,57,12,2,8,97,37,6,4,8,3,1,30,2,1,1,0.328,0.366,0.557,0.923,0.064,146.6,/player/?m=playerinfo&p_no=14590,14590
2024,롯데,6,전준우,24  DH,0.99,1.60,-0.61,43,190,190,170,22,51,12,1,7,86,33,3,1,17,2,0,29,5,0,1,0.300,0.368,0.506,0.874,0.043,131.5,/player/?m=playerinfo&p_no=10266,10266
2024,롯데,7,나승엽,24  1B,0.70,1.42,-0.72,55,217,217,188,27,58,20,3,1,87,25,0,0,25,1,0,39,2,0,3,0.309,0.387,0.463,0.850,0.024,117.6,/player/?m=playerinfo&p_no=14797,14797
2024,롯데,8,정훈,24  1B,0.47,0.70,-0.23,54,194,194,174,18,44,11,0,7,76,26,1,1,18,0,0,36,1,0,2,0.253,0.320,0.437,0.757,-0.009,92.7,/player/?m=playerinfo&p_no=10253,10253
2024,롯데,9,박승욱,24  SS,-0.01,0.49,-0.50,76,229,226,203,30,56,11,1,4,81,27,1,4,18,5,1,58,3,2,1,0.276,0.348,0.399,0.747,-0.012,90.4,/player/?m=playerinfo&p_no=10804,10804
2024,LG,1,박동원,24  C,3.46,2.50,0.96,73,274,272,229,35,64,12,0,13,115,47,1,0,39,0,2,60,7,1,5,0.279,0.377,0.502,0.879,0.051,137.6,/player/?m=playerinfo&p_no=10387,10387
2024,LG,2,홍창기,24  RF,3.20,2.86,0.34,79,360,359,290,55,92,4,3,4,114,41,8,9,60,7,2,51,7,1,2,0.317,0.443,0.393,0.836,0.043,131.3,/player/?m=playerinfo&p_no=12546,12546
2024,LG,3,문성주,24  LF,2.75,2.35,0.40,75,298,297,248,41,82,16,2,0,102,43,13,7,44,2,0,31,2,1,3,0.331,0.431,0.411,0.842,0.039,128.6,/player/?m=playerinfo&p_no=13112,13112
2024,LG,4,오스틴,24  1B,2.53,3.16,-0.62,82,357,354,306,51,92,19,2,17,166,69,11,5,38,3,5,58,3,0,10,0.301,0.373,0.542,0.915,0.055,140.3,/player/?m=playerinfo&p_no=15532,15532
2024,LG,5,오지환,24  SS,1.33,0.80,0.52,54,198,197,168,31,40,16,1,2,64,16,11,3,27,2,0,58,2,1,0,0.238,0.350,0.381,0.731,-0.001,98.5,/player/?m=playerinfo&p_no=10475,10475
2024,LG,6,구본혁,24  SS,1.10,0.31,0.78,75,225,224,198,29,53,8,0,2,67,31,3,4,22,1,0,25,4,1,3,0.268,0.339,0.338,0.677,-0.026,79.8,/player/?m=playerinfo&p_no=14140,14140
2024,LG,7,박해민,24  CF,1.10,0.40,0.69,83,327,323,285,43,77,7,5,1,97,34,26,7,24,7,0,60,2,4,7,0.270,0.334,0.340,0.674,-0.038,71.0,/player/?m=playerinfo&p_no=11190,11190
2024,LG,8,문보경,24  3B,0.98,1.99,-1.00,83,329,326,280,38,80,16,1,10,128,45,4,5,38,0,3,59,8,1,10,0.286,0.360,0.457,0.817,0.022,115.7,/player/?m=playerinfo&p_no=14137,14137
2024,LG,9,신민재,24  2B,0.88,0.95,-0.07,81,281,275,234,43,63,7,1,0,72,27,25,5,37,1,0,31,5,6,3,0.269,0.367,0.308,0.675,-0.024,81.8,/player/?m=playerinfo&p_no=13056,13056
2024,LG,10,김현수,24  DH,0.52,1.46,-0.93,79,343,343,307,39,90,15,2,7,130,44,2,1,29,2,1,45,7,0,5,0.293,0.353,0.423,0.776,0.002,100.6,/player/?m=playerinfo&p_no=10187,10187
2024,두산,1,허경민,24  3B,2.95,2.71,0.24,69,281,281,247,44,86,17,0,5,118,38,2,0,18,11,0,17,6,0,5,0.348,0.409,0.478,0.887,0.054,139.8,/player/?m=playerinfo&p_no=10184,10184
2024,두산,2,강승호,24  2B,2.43,1.73,0.70,85,343,339,319,46,91,21,6,13,163,51,12,3,18,2,3,99,3,1,3,0.285,0.325,0.511,0.836,0.007,104.6,/player/?m=playerinfo&p_no=11087,11087
2024,두산,3,양의지,24  C,2.32,2.26,0.06,73,305,303,276,33,94,12,0,9,133,62,2,0,18,5,2,27,8,0,6,0.341,0.384,0.482,0.866,0.035,125.1,/player/?m=playerinfo&p_no=10165,10165
2024,두산,4,라모스,24  RF,2.06,2.69,-0.63,69,299,298,265,34,82,16,3,8,128,45,3,3,25,2,0,46,3,1,6,0.309,0.366,0.483,0.849,0.053,139.3,/player/?m=playerinfo&p_no=15000,15000
2024,두산,5,정수빈,24  CF,1.84,1.63,0.21,79,339,333,286,57,81,9,3,3,105,23,31,4,36,5,1,35,5,6,6,0.283,0.366,0.367,0.733,-0.006,94.7,/player/?m=playerinfo&p_no=10195,10195
2024,두산,6,김재환,24  DH,1.09,2.00,-0.91,80,327,324,279,41,76,17,0,16,141,57,0,1,36,4,3,101,6,0,8,0.272,0.355,0.505,0.860,0.023,116.1,/player/?m=playerinfo&p_no=10643,10643
2024,두산,7,조수행,24  LF,1.01,0.52,0.50,78,232,224,200,40,54,2,2,0,60,15,39,5,21,0,1,27,2,8,3,0.270,0.335,0.300,0.635,-0.043,68.0,/player/?m=playerinfo&p_no=12524,12524
2024,두산,8,양석환,24  1B,0.60,1.72,-1.11,84,343,343,309,46,75,16,0,18,145,58,4,3,29,3,0,72,13,0,2,0.243,0.312,0.469,0.781,0.010,106.6,/player/?m=playerinfo&p_no=11213,11213
2024,한화,1,페라자,24  RF,2.64,3.02,-0.38,62,274,272,237,46,75,17,0,16,140,46,7,4,34,1,3,63,4,0,2,0.316,0.401,0.591,0.992,0.079,158.2,/player/?m=playerinfo&p_no=16121,16121
2024,한화,2,노시환,24  3B,2.08,1.79,0.29,79,354,350,319,52,86,10,1,18,152,60,4,0,32,3,7,75,5,0,0,0.270,0.342,0.476,0.818,0.008,105.5,/player/?m=playerinfo&p_no=14125,14125
2024,한화,3,최재훈,24  C,1.63,1.17,0.46,62,203,199,157,24,44,9,0,1,56,19,0,0,23,15,0,30,5,4,4,0.280,0.412,0.357,0.769,0.019,113.6,/player/?m=playerinfo&p_no=10170,10170
2024,한화,4,최인호,24  LF,1.51,1.15,0.36,70,211,207,179,30,48,11,2,1,66,16,2,0,23,3,0,30,2,4,2,0.268,0.357,0.369,0.726,0.014,109.3,/player/?m=playerinfo&p_no=14707,14707
2024,한화,5,이도윤,24  SS,1.08,0.25,0.83,73,202,200,177,27,49,3,2,0,56,22,5,3,18,2,0,27,2,2,3,0.277,0.345,0.316,0.661,-0.027,79.3,/player/?m=playerinfo&p_no=11414,11414
2024,한화,6,황영묵,24  2B,0.88,0.76,0.12,61,201,200,184,27,57,7,1,3,75,24,3,5,13,2,0,25,3,1,1,0.310,0.360,0.408,0.768,0.004,102.0,/player/?m=playerinfo&p_no=16110,16110
2024,한화,7,김태연,24  1B,0.66,1.59,-0.94,66,245,243,209,32,62,13,0,8,99,39,3,2,29,3,0,42,3,2,2,0.297,0.387,0.474,0.861,0.029,120.7,/player/?m=playerinfo&p_no=12585,12585
2024,한화,8,안치홍,24  DH,0.28,1.30,-1.02,79,338,338,296,42,80,12,0,8,116,35,3,1,34,5,0,52,4,0,3,0.270,0.352,0.392,0.744,-0.002,97.8,/player/?m=playerinfo&p_no=10014,10014
2024,한화,9,채은성,24  RF,-0.20,0.11,-0.31,61,251,251,227,25,55,11,0,6,84,38,1,1,20,2,1,47,4,0,2,0.242,0.307,0.370,0.677,-0.034,73.6,/player/?m=playerinfo&p_no=11215,11215
2024,한화,10,문현빈,24  2B,-0.43,0.16,-0.59,60,180,179,163,21,43,7,2,4,66,24,2,4,15,0,0,39,7,1,1,0.264,0.324,0.405,0.729,-0.032,75.8,/player/?m=playerinfo&p_no=15422,15422
2024,SK_SSG,1,최정,24  3B,2.39,2.99,-0.59,71,298,298,249,45,71,15,1,21,151,66,5,0,33,11,1,56,8,0,5,0.285,0.386,0.606,0.992,0.059,143.9,/player/?m=playerinfo&p_no=10106,10106
2024,SK_SSG,2,에레디아,24  LF,2.17,2.58,-0.41,77,334,331,305,43,110,15,1,9,154,62,3,3,15,8,3,41,6,0,6,0.361,0.398,0.505,0.903,0.040,129.2,/player/?m=playerinfo&p_no=15530,15530
2024,SK_SSG,3,박성한,24  SS,2.08,1.35,0.73,80,344,339,300,49,89,15,0,5,119,38,8,2,38,1,3,42,6,3,2,0.297,0.375,0.397,0.772,-0.001,98.6,/player/?m=playerinfo&p_no=12922,12922
2024,SK_SSG,4,이지영,24  C,1.34,0.24,1.10,65,232,230,214,26,60,4,1,2,72,24,5,1,10,4,0,22,5,2,2,0.280,0.322,0.336,0.658,-0.034,73.7,/player/?m=playerinfo&p_no=10312,10312
2024,SK_SSG,5,최지훈,24  CF,1.05,1.62,-0.56,82,369,365,321,58,85,15,4,6,126,32,25,5,42,1,0,53,5,4,1,0.265,0.351,0.393,0.744,-0.004,96.5,/player/?m=playerinfo&p_no=14587,14587
2024,SK_SSG,6,고명준,24  1B,0.76,0.38,0.39,76,268,268,251,24,66,10,0,9,103,35,1,4,16,1,0,68,3,0,0,0.263,0.310,0.410,0.720,-0.021,83.9,/player/?m=playerinfo&p_no=14807,14807
2024,SK_SSG,7,한유섬,24  RF,0.10,0.73,-0.63,73,283,280,245,36,57,14,0,14,113,50,0,1,28,7,3,85,1,0,3,0.233,0.325,0.461,0.786,-0.020,84.4,/player/?m=playerinfo&p_no=10815,10815
2024,SK_SSG,8,하재훈,24  RF,-2.00,0.06,-2.06,62,183,183,170,19,44,11,0,4,67,21,6,0,7,1,0,51,4,0,5,0.259,0.284,0.394,0.678,-0.047,63.7,/player/?m=playerinfo&p_no=14147,14147
2024,넥센_키움,1,김혜성,24  2B,4.77,3.62,1.15,70,318,317,281,54,98,17,3,10,151,46,19,4,30,4,1,28,4,0,3,0.349,0.415,0.537,0.952,0.066,148.5,/player/?m=playerinfo&p_no=12905,12905
2024,넥센_키움,2,송성문,24  3B,4.12,3.06,1.06,76,304,304,263,39,91,12,2,9,134,54,4,0,33,1,0,32,2,0,7,0.346,0.411,0.510,0.921,0.056,141.4,/player/?m=playerinfo&p_no=11376,11376
2024,넥센_키움,3,도슨,24  LF,3.82,4.22,-0.40,74,337,337,302,61,111,28,2,10,173,44,2,2,30,4,0,42,7,0,1,0.368,0.430,0.573,1.003,0.087,164.6,/player/?m=playerinfo&p_no=15652,15652
2024,넥센_키움,4,이용규,24  LF,1.17,1.10,0.07,44,174,171,141,18,42,3,1,1,50,9,2,1,24,5,0,26,3,3,1,0.298,0.415,0.355,0.770,0.023,116.1,/player/?m=playerinfo&p_no=10035,10035
2024,넥센_키움,5,이주형,24  RF,1.15,1.25,-0.10,49,228,227,200,41,56,8,1,7,87,29,0,0,23,4,1,53,1,0,1,0.280,0.364,0.435,0.799,0.012,108.5,/player/?m=playerinfo&p_no=14591,14591
2024,넥센_키움,6,김휘집,24  SS,0.17,0.04,0.14,51,196,193,174,24,40,9,1,5,66,25,0,0,15,3,1,49,9,2,2,0.230,0.299,0.379,0.678,-0.036,72.6,/player/?m=playerinfo&p_no=14785,14785
2024,넥센_키움,7,김재현,24  C,-0.04,-0.38,0.34,65,203,197,181,21,46,9,0,0,55,23,0,0,6,7,0,40,5,6,3,0.254,0.299,0.304,0.603,-0.064,52.5,/player/?m=playerinfo&p_no=10870,10870
2024,넥센_키움,8,최주환,24  1B,-1.11,-0.88,-0.23,68,281,281,253,24,56,11,0,6,85,40,0,1,19,3,1,51,8,0,6,0.221,0.278,0.336,0.614,-0.070,47.1,/player/?m=playerinfo&p_no=10182,10182
2024,NC,1,박민우,24  2B,3.92,2.86,1.07,64,295,288,248,40,83,15,2,4,114,20,22,5,35,8,4,43,3,3,1,0.335,0.432,0.460,0.892,0.056,140.7,/player/?m=playerinfo&p_no=11137,11137
2024,NC,2,박건우,24  RF,2.37,3.22,-0.84,75,308,306,274,48,97,21,1,8,144,40,3,0,30,2,3,47,6,0,2,0.354,0.419,0.526,0.945,0.065,147.5,/player/?m=playerinfo&p_no=10189,10189
2024,NC,3,권희동,24  LF,2.22,1.75,0.47,77,318,318,258,36,71,12,1,3,94,39,2,0,50,7,1,45,6,0,3,0.275,0.403,0.364,0.767,0.015,110.5,/player/?m=playerinfo&p_no=11172,11172
2024,NC,4,김주원,24  SS,2.04,0.10,1.93,75,251,244,207,29,41,6,1,5,64,28,8,2,25,11,1,62,1,7,1,0.198,0.316,0.309,0.625,-0.041,69.6,/player/?m=playerinfo&p_no=14765,14765
2024,NC,5,데이비슨,24  1B,1.60,2.51,-0.90,72,317,317,276,49,77,10,0,25,162,62,0,1,24,12,2,83,5,0,5,0.279,0.356,0.587,0.943,0.047,134.4,/player/?m=playerinfo&p_no=16066,16066
2024,NC,6,손아섭,24  DH,1.10,0.95,0.16,77,344,342,322,45,95,16,0,7,132,50,6,2,16,0,0,59,1,2,4,0.295,0.325,0.410,0.735,-0.015,88.2,/player/?m=playerinfo&p_no=10261,10261
2024,NC,7,서호철,24  3B,1.03,1.23,-0.21,79,320,319,280,37,83,10,1,3,104,37,1,3,26,11,0,60,10,1,2,0.296,0.376,0.371,0.747,0.002,100.5,/player/?m=playerinfo&p_no=14220,14220
2024,NC,8,김형준,24  C,0.91,0.24,0.67,68,263,258,217,26,46,8,0,12,90,34,0,0,36,2,0,90,4,5,3,0.212,0.326,0.415,0.741,-0.028,78.8,/player/?m=playerinfo&p_no=13081,13081
2024,NC,9,김성욱,24  CF,0.28,0.29,-0.01,78,255,254,219,36,43,6,2,9,80,35,8,2,21,13,0,48,5,1,1,0.196,0.303,0.365,0.668,-0.036,72.7,/player/?m=playerinfo&p_no=11153,11153
2024,KT,1,로하스,24  LF,4.88,4.78,0.10,82,381,379,320,62,102,21,0,21,186,68,0,1,55,5,3,72,5,0,1,0.319,0.425,0.581,1.006,0.089,165.6,/player/?m=playerinfo&p_no=12995,12995
2024,KT,2,강백호,24  DH,2.69,3.40,-0.71,82,364,362,327,61,101,17,0,22,184,66,5,2,34,1,3,70,3,0,2,0.309,0.374,0.563,0.937,0.053,138.9,/player/?m=playerinfo&p_no=13168,13168
2024,KT,3,장성우,24  C,2.41,1.35,1.06,76,269,269,229,26,60,10,0,9,97,44,4,0,38,0,0,48,4,0,2,0.262,0.364,0.424,0.788,0.007,104.7,/player/?m=playerinfo&p_no=10235,10235
2024,KT,4,문상철,24  1B,2.05,1.53,0.52,72,252,252,217,31,58,4,0,11,95,34,3,1,27,6,1,58,6,0,2,0.267,0.361,0.438,0.799,0.017,112.3,/player/?m=playerinfo&p_no=11333,11333
2024,KT,5,배정대,24  CF,1.05,1.20,-0.15,51,221,220,192,26,57,12,1,4,83,24,7,5,23,2,1,44,2,0,4,0.297,0.371,0.432,0.803,0.017,111.7,/player/?m=playerinfo&p_no=11212,11212
2024,KT,6,김상수,24  SS,0.83,0.47,0.36,64,230,223,202,34,52,9,1,3,72,26,2,1,17,3,0,33,7,7,1,0.257,0.323,0.356,0.679,-0.023,82.4,/player/?m=playerinfo&p_no=10320,10320
2024,KT,7,황재균,24  3B,0.61,0.40,0.21,80,306,302,277,35,72,13,0,4,97,27,4,3,23,1,0,53,5,4,1,0.260,0.318,0.350,0.668,-0.030,76.8,/player/?m=playerinfo&p_no=10407,10407
2024,KT,8,천성호,24  2B,-0.06,0.83,-0.89,60,229,228,210,38,62,8,3,1,79,17,7,0,16,1,0,37,5,1,1,0.295,0.346,0.376,0.722,-0.010,91.9,/player/?m=playerinfo&p_no=14606,14606
2024,KT,9,김민혁,24  LF,-0.19,0.34,-0.53,58,184,182,162,12,48,5,0,0,53,21,2,0,19,1,1,22,6,1,1,0.296,0.372,0.327,0.699,-0.019,85.4,/player/?m=playerinfo&p_no=11339,11339
